COUNTRY,YEAR,MONTH,TOTAL_PRODUCTION,DOMESTIC_CONSUMPTION,EXPORTABLE_PRODUCTION,GROSS_OPENING_STOCKS
Angola,1990/91,April,50.345,20,30.345,210
Bolivia,1990/91,April,122.777,25,97.777,54
Brazil,1990/91,April,27285.6286,8200,19085.6286,26926
Burundi,1990/91,April,487.393,2,485.393,77
Ecuador,1990/91,April,1503.815,350,1153.815,723.963
Indonesia,1990/91,April,7441.383,1242,6199.383,1319
Madagascar,1990/91,April,982.447,350,632.447,544
Malawi,1990/91,April,104.628,2,102.628,20
Papua New Guinea,1990/91,April,962.841,3,959.841,199
Paraguay,1990/91,April,130.627,15,115.627,188
Peru,1990/91,April,936.632,190,746.632,318
Rwanda,1990/91,April,534.875,1,533.875,134
Timor-Leste,1990/91,April,,,0,0
Zimbabwe,1990/91,April,251.901,8,243.901,160
"Congo, Rep. of",1990/91,July,2.924,3,0,12
Cuba,1990/91,July,414.212,213,201.212,265.7
Dominican Republic,1990/91,July,880.062,320,560.062,560
Haiti,1990/91,July,392.88,220,172.88,47
Philippines,1990/91,July,973.632,720,253.632,1223
Tanzania,1990/91,July,931.779,4,927.779,450
Zambia,1990/91,July,22.686,1.5,21.186,1
Benin,1990/91,October,0,0,0,0
Cameroon,1990/91,October,1682.484,83.3,1599.184,1344
Central African Republic,1990/91,October,175.274,28,147.274,55
Colombia,1990/91,October,14268.387,1235,13033.387,6095
"Congo, Dem. Rep. of",1990/91,October,1580.296,200,1380.296,116
Costa Rica,1990/91,October,2561.885,375,2186.885,343
Côte d'Ivoire,1990/91,October,2940.363,50,2890.363,4796
El Salvador,1990/91,October,2464.864,180,2284.864,245
Equatorial Guinea,1990/91,October,3.536,0,3.536,2
Ethiopia,1990/91,October,2909.451,1200,1709.451,2800
Gabon,1990/91,October,3.408,1.7,1.708,2
Ghana,1990/91,October,37.855,17,20.855,4
Guatemala,1990/91,October,3270.529,300,2970.529,77
Guinea,1990/91,October,44.46,25,19.46,45
Guyana,1990/91,October,,,0,0
Honduras,1990/91,October,1567.958,188.154,1379.804,101.198
India,1990/91,October,2828.687,903,1925.687,826
Jamaica,1990/91,October,22.574,7,15.574,0
Kenya,1990/91,October,1485.135,50,1435.135,766.333
"Lao, People's Dem. Rep. of",1990/91,October,,,0,0
Liberia,1990/91,October,3,3,0,0
Mexico,1990/91,October,4674.245,1374,3300.245,974
Nepal,1990/91,October,,,0,0
Nicaragua,1990/91,October,461.078,34,427.078,56
Nigeria,1990/91,October,29.19,27.5,1.69,0
Panama,1990/91,October,214.987,63,151.987,18
Sierra Leone,1990/91,October,42.783,9,33.783,127
Sri Lanka,1990/91,October,95.87,66.667,29.203,10
Thailand,1990/91,October,757.017,188,569.017,71
Togo,1990/91,October,161.308,1,160.308,59
Trinidad & Tobago,1990/91,October,14.581,8,6.581,5
Uganda,1990/91,October,1955.009,70,1885.009,3100
Venezuela,1990/91,October,1122.477,782.39,340.087,142
Vietnam,1990/91,October,1310.288,150,1160.288,181
Yemen,1990/91,October,,,0,0
Angola,1991/92,April,79.331,30,49.331,161
Bolivia,1991/92,April,106.536,30,76.536,39.8
Brazil,1991/92,April,27293.4934,8500,18793.4934,25548
Burundi,1991/92,April,667.199,1.6,665.599,150
Ecuador,1991/92,April,2123.824,350,1773.824,250
Indonesia,1991/92,April,8493.196,1280,7213.196,798
Madagascar,1991/92,April,932.513,300,632.513,450
Malawi,1991/92,April,124.286,2,122.286,19
Papua New Guinea,1991/92,April,746.816,3,743.816,146
Paraguay,1991/92,April,79.653,15,64.653,135
Peru,1991/92,April,1200.474,190,1010.474,61
Rwanda,1991/92,April,483.83,1,482.83,9
Timor-Leste,1991/92,April,,,0,0
Zimbabwe,1991/92,April,201.394,8,193.394,118.2
"Congo, Rep. of",1991/92,July,3.003,2.667,336,11
Cuba,1991/92,July,302.097,213,89.097,289
Dominican Republic,1991/92,July,320.56,320,0.56,640
Haiti,1991/92,July,463.352,330,133.352,30
Philippines,1991/92,July,1018.482,750,268.482,1344
Tanzania,1991/92,July,789.977,3.5,786.477,408.053
Zambia,1991/92,July,29.138,1.5,27.638,0
Benin,1991/92,October,0,0,0,0
Cameroon,1991/92,October,1725.948,83.333,1642.615,1086
Central African Republic,1991/92,October,124.781,28,96.781,59
Colombia,1991/92,October,17814.866,1400,16414.866,6916
"Congo, Dem. Rep. of",1991/92,October,1229.902,200,1029.902,17
Costa Rica,1991/92,October,2759.619,375,2384.619,120
Côte d'Ivoire,1991/92,October,4129.295,50,4079.295,3352
El Salvador,1991/92,October,2197.692,180,2017.692,512.3
Equatorial Guinea,1991/92,October,2.551,0,2.551,4
Ethiopia,1991/92,October,2924.664,1264,1660.664,3660
Gabon,1991/92,October,1.752,1,752,2
Ghana,1991/92,October,76.306,17,59.306,10
Guatemala,1991/92,October,3496.531,300,3196.531,244.557
Guinea,1991/92,October,90.522,25,65.522,10
Guyana,1991/92,October,,,0,0
Honduras,1991/92,October,2321.808,257.1,2064.708,54
India,1991/92,October,2999.749,916.667,2083.082,1277
Jamaica,1991/92,October,38.987,11,27.987,0
Kenya,1991/92,October,1514.047,50,1464.047,552.067
"Lao, People's Dem. Rep. of",1991/92,October,,,0,0
Liberia,1991/92,October,3,3,0,0
Mexico,1991/92,October,4727.206,1200,3527.206,748
Nepal,1991/92,October,,,0,0
Nicaragua,1991/92,October,707.067,138,569.067,63.162
Nigeria,1991/92,October,44.313,35.75,8.563,0
Panama,1991/92,October,192.532,67,125.532,40
Sierra Leone,1991/92,October,54.379,9,45.379,74
Sri Lanka,1991/92,October,81.549,67,14.549,6
Thailand,1991/92,October,1468.936,220,1248.936,207
Togo,1991/92,October,432.652,1,431.652,38.5
Trinidad & Tobago,1991/92,October,17.792,11.5,6.292,0
Uganda,1991/92,October,2088.001,75,2013.001,2900
Venezuela,1991/92,October,940.704,815.48,125.224,350
Vietnam,1991/92,October,1437.848,230,1207.848,195
Yemen,1991/92,October,,,0,0
Angola,1992/93,April,77.52,35,42.52,136
Bolivia,1992/93,April,122.735,30,92.735,33.4
Brazil,1992/93,April,34603.3542,8900,25703.3542,22625
Burundi,1992/93,April,620.238,1.7,618.538,53.108
Ecuador,1992/93,April,1185.48,350,835.48,552.207
Indonesia,1992/93,April,5569.478,1319,4250.478,2427
Madagascar,1992/93,April,1121.684,350,771.684,403.3
Malawi,1992/93,April,137.161,2,135.161,19
Papua New Guinea,1992/93,April,900.111,3,897.111,95
Paraguay,1992/93,April,54.291,15,39.291,115
Peru,1992/93,April,1761.953,200,1561.953,100
Rwanda,1992/93,April,638.875,1,637.875,10
Timor-Leste,1992/93,April,,,0,0
Zimbabwe,1992/93,April,77.824,8,69.824,98
"Congo, Rep. of",1992/93,July,3.171,2.667,504,11
Cuba,1992/93,July,284.237,195,89.237,219
Dominican Republic,1992/93,July,637.815,320,317.815,300
Haiti,1992/93,July,499.855,330,169.855,30
Philippines,1992/93,July,919.851,750,169.851,1554
Tanzania,1992/93,July,786.434,19.2,767.234,386.772
Zambia,1992/93,July,29.307,1.432,27.875,1
Benin,1992/93,October,1.805,0,1.805,0
Cameroon,1992/93,October,260.376,83.333,177.043,991
Central African Republic,1992/93,October,133.845,28,105.845,64
Colombia,1992/93,October,15189.131,1300,13889.131,7864
"Congo, Dem. Rep. of",1992/93,October,1180.157,200,980.157,21
Costa Rica,1992/93,October,2997.974,375,2622.974,229.345
Côte d'Ivoire,1992/93,October,2245.536,50,2195.536,3574
El Salvador,1992/93,October,3001.301,230,2771.301,354.43
Equatorial Guinea,1992/93,October,1.686,0,1.686,2
Ethiopia,1992/93,October,1825.171,1331,494.171,4652
Gabon,1992/93,October,3.063,0.8,2.263,1.122
Ghana,1992/93,October,36.602,17,19.602,43
Guatemala,1992/93,October,4318.483,300,4018.483,153.317
Guinea,1992/93,October,76.341,62.5,13.841,10
Guyana,1992/93,October,,,0,0
Honduras,1992/93,October,1918.209,240,1678.209,318.342
India,1992/93,October,2823.497,917,1906.497,1253
Jamaica,1992/93,October,25.583,6,19.583,8
Kenya,1992/93,October,1315.548,50,1265.548,617.033
"Lao, People's Dem. Rep. of",1992/93,October,,,0,0
Liberia,1992/93,October,3,3,0,0
Mexico,1992/93,October,3400.811,1300,2100.811,985
Nepal,1992/93,October,,,0,0
Nicaragua,1992/93,October,547.294,65.6,481.694,39.6
Nigeria,1992/93,October,48.882,35.75,13.132,0
Panama,1992/93,October,196.978,67,129.978,60.832
Sierra Leone,1992/93,October,39.084,9,30.084,45
Sri Lanka,1992/93,October,53.181,28,25.181,1
Thailand,1992/93,October,1254.945,233,1021.945,273
Togo,1992/93,October,85.648,1,84.648,154
Trinidad & Tobago,1992/93,October,14.328,10,4.328,4.293
Uganda,1992/93,October,2185.074,75,2110.074,2900
Venezuela,1992/93,October,1215.298,849.97,365.328,362.545
Vietnam,1992/93,October,2340.447,250,2090.447,85
Yemen,1992/93,October,,,0,0
Angola,1993/94,April,32.608,20,12.608,111
Bolivia,1993/94,April,57.323,35,22.323,25.2
Brazil,1993/94,April,28166.9786,9100,19066.9786,28921
Burundi,1993/94,April,393.354,1.91,391.444,0
Ecuador,1993/94,April,2069.007,350,1719.007,100
Indonesia,1993/94,April,6743.288,1359,5384.288,1562
Madagascar,1993/94,April,441.859,360,81.859,455.333
Malawi,1993/94,April,62.111,2,60.111,25
Papua New Guinea,1993/94,April,1019.481,2,1017.481,49
Paraguay,1993/94,April,70.046,20,50.046,105
Peru,1993/94,April,665.497,200,465.497,500
Rwanda,1993/94,April,443.625,1,442.625,6
Timor-Leste,1993/94,April,,,0,0
Zimbabwe,1993/94,April,11.6,8.333,3.267,53.243
"Congo, Rep. of",1993/94,July,3,3,0,11
Cuba,1993/94,July,285.404,194.1,91.304,192
Dominican Republic,1993/94,July,603.944,320,283.944,196
Haiti,1993/94,July,450.697,330,120.697,30
Philippines,1993/94,July,874.855,770,104.855,1102
Tanzania,1993/94,July,734.375,17.5,716.875,200.4
Zambia,1993/94,July,26.606,1,25.606,0
Benin,1993/94,October,0.05,0,0.05,0
Cameroon,1993/94,October,682.913,100,582.913,240.641
Central African Republic,1993/94,October,165.574,25,140.574,14
Colombia,1993/94,October,10297.602,1400,8897.602,7224
"Congo, Dem. Rep. of",1993/94,October,980.261,200,780.261,6
Costa Rica,1993/94,October,2358.753,375,1983.753,190
Côte d'Ivoire,1993/94,October,2293.407,50,2243.407,655
El Salvador,1993/94,October,2378.482,230,2148.482,134.78
Equatorial Guinea,1993/94,October,0,0,0,2
Ethiopia,1993/94,October,2967.004,1402,1565.004,3986
Gabon,1993/94,October,2.884,0.8,2.084,0.2
Ghana,1993/94,October,45.381,17,28.381,20.3
Guatemala,1993/94,October,3535.501,310,3225.501,153.317
Guinea,1993/94,October,63.806,33,30.806,8.334
Guyana,1993/94,October,,,,0
Honduras,1993/94,October,1829.179,230,1599.179,100
India,1993/94,October,3533.181,833.333,2699.848,1479
Jamaica,1993/94,October,34.287,9.6,24.687,1.27
Kenya,1993/94,October,1328.112,50,1278.112,470.673
"Lao, People's Dem. Rep. of",1993/94,October,,,,0
Liberia,1993/94,October,5,5,0,0
Mexico,1993/94,October,5023.488,1070,3953.488,201.25
Nepal,1993/94,October,,,,0
Nicaragua,1993/94,October,706.13,108.9,597.23,4.6
Nigeria,1993/94,October,45.319,40,5.319,0
Panama,1993/94,October,142.066,67,75.066,41
Sierra Leone,1993/94,October,37.451,5,32.451,32
Sri Lanka,1993/94,October,53.79,20,33.79,19
Thailand,1993/94,October,1275.201,250,1025.201,253
Togo,1993/94,October,194.939,1,193.939,25
Trinidad & Tobago,1993/94,October,16.079,10,6.079,4
Uganda,1993/94,October,3141.706,75,3066.706,3000
Venezuela,1993/94,October,1332.881,885.93,446.951,249
Vietnam,1993/94,October,3020.216,267,2753.216,0
Yemen,1993/94,October,,,0,0
Angola,1994/95,April,76.802,25,51.802,96
Bolivia,1994/95,April,122.444,35,87.444,11
Brazil,1994/95,April,28192.047,9300,18892.047,29227
Burundi,1994/95,April,664.143,2,662.143,38.574
Ecuador,1994/95,April,2375.766,350,2025.766,230
Indonesia,1994/95,April,5367.878,1400,3967.878,1644
Madagascar,1994/95,April,641.372,166.666,474.706,15.833
Malawi,1994/95,April,84.112,2,82.112,10
Papua New Guinea,1994/95,April,1138.659,2,1136.659,38
Paraguay,1994/95,April,24.689,20,4.689,100
Peru,1994/95,April,1178.628,200,978.628,120
Rwanda,1994/95,April,22.449,1,21.449,1.2
Timor-Leste,1994/95,April,,,0,0
Zimbabwe,1994/95,April,106.302,8.333,97.969,0
"Congo, Rep. of",1994/95,July,7.585,3,4.585,11
Cuba,1994/95,July,284.315,194,90.315,151
Dominican Republic,1994/95,July,729.67,330,399.67,193
Haiti,1994/95,July,450.246,330,120.246,30
Philippines,1994/95,July,876.764,790,86.764,1108
Tanzania,1994/95,July,679.024,17.5,661.524,38.583
Zambia,1994/95,July,21.455,1.5,19.955,0
Benin,1994/95,October,0,0,0,0
Cameroon,1994/95,October,405.557,100,305.557,198.198
Central African Republic,1994/95,October,249.512,15,234.512,8.333
Colombia,1994/95,October,12862.47,1375,11487.47,3437
"Congo, Dem. Rep. of",1994/95,October,1297.805,200,1097.805,81
Costa Rica,1994/95,October,2481.942,375,2106.942,100
Côte d'Ivoire,1994/95,October,3006.444,50,2956.444,183.335
El Salvador,1994/95,October,2293.468,230,2063.468,199.92
Equatorial Guinea,1994/95,October,3.193,0,3.193,0.2
Ethiopia,1994/95,October,2762.73,1476,1286.73,4219
Gabon,1994/95,October,7.701,1,6.701,1.093
Ghana,1994/95,October,57.176,28,29.176,21
Guatemala,1994/95,October,3787.336,310,3477.336,240
Guinea,1994/95,October,198.357,50,148.357,11.667
Guyana,1994/95,October,,,,0
Honduras,1994/95,October,2180.73,253,1927.73,38
India,1994/95,October,3001.897,833.333,2168.564,1020
Jamaica,1994/95,October,44.598,15,29.598,8.921
Kenya,1994/95,October,1663.131,50,1613.131,289
"Lao, People's Dem. Rep. of",1994/95,October,,,,0
Liberia,1994/95,October,5,5,0,0
Mexico,1994/95,October,4158.777,1020,3138.777,884
Nepal,1994/95,October,,,,0
Nicaragua,1994/95,October,682.969,89.6,593.369,11.1
Nigeria,1994/95,October,51.631,40,11.631,0
Panama,1994/95,October,248.313,76.667,171.646,21.71
Sierra Leone,1994/95,October,72.738,5,67.738,0
Sri Lanka,1994/95,October,42.448,20,22.448,5
Thailand,1994/95,October,1399.135,283,1116.135,173
Togo,1994/95,October,176.296,1,175.296,25
Trinidad & Tobago,1994/95,October,18.435,14,4.435,0
Uganda,1994/95,October,2392.753,80,2312.753,3000
Venezuela,1994/95,October,988.996,923.4,65.596,250
Vietnam,1994/95,October,3631.609,267,3364.609,0
Yemen,1994/95,October,,,0,0
Angola,1995/96,April,62.109,10,52.109,36
Bolivia,1995/96,April,151.985,40,111.985,12.5
Brazil,1995/96,April,18060.2022,10100,7960.2022,32161
Burundi,1995/96,April,433.98,2,431.98,120.59
Ecuador,1995/96,April,1888.233,350,1538.233,100
Indonesia,1995/96,April,4573.429,1443,3130.429,1386
Madagascar,1995/96,April,785.009,167,618.009,16
Malawi,1995/96,April,91.235,2,89.235,5
Papua New Guinea,1995/96,April,1002.363,2,1000.363,39.5
Paraguay,1995/96,April,22.843,20,2.843,67
Peru,1995/96,April,1870.939,200,1670.939,160
Rwanda,1995/96,April,329.078,1,328.078,0.3
Timor-Leste,1995/96,April,,,0,0
Zimbabwe,1995/96,April,130.644,6.6,124.044,0
"Congo, Rep. of",1995/96,July,11.755,3,8.755,0
Cuba,1995/96,July,284.955,194,90.955,116
Dominican Republic,1995/96,July,885.625,350,535.625,198
Haiti,1995/96,July,513.945,330,183.945,27
Philippines,1995/96,July,849.59,810,39.59,1107
Tanzania,1995/96,July,897.121,13.6,883.521,86.5
Zambia,1995/96,July,26.333,0.6,25.733,0
Benin,1995/96,October,0,0,0,0
Cameroon,1995/96,October,660.04,100,560.04,120
Central African Republic,1995/96,October,108.065,10,98.065,8.333
Colombia,1995/96,October,12962.561,1500,11462.561,5582
"Congo, Dem. Rep. of",1995/96,October,1098.155,200,898.155,101
Costa Rica,1995/96,October,2843.596,375,2468.596,309
Côte d'Ivoire,1995/96,October,2531.864,50,2481.864,887
El Salvador,1995/96,October,2585.179,270,2315.179,603.466
Equatorial Guinea,1995/96,October,1.807,0,1.807,0
Ethiopia,1995/96,October,3165.322,1555,1610.322,4185
Gabon,1995/96,October,1.768,0.8,968,1
Ghana,1995/96,October,56.528,28,28.528,15
Guatemala,1995/96,October,4001.604,310,3691.604,153.333
Guinea,1995/96,October,104.164,50,54.164,12
Guyana,1995/96,October,,,0,0
Honduras,1995/96,October,1909.238,161,1748.238,329.1
India,1995/96,October,3716.999,833.333,2883.666,934
Jamaica,1995/96,October,43.084,15,28.084,14.179
Kenya,1995/96,October,1664.234,50,1614.234,576.825
"Lao, People's Dem. Rep. of",1995/96,October,,,0,0
Liberia,1995/96,October,5,5,0,0
Mexico,1995/96,October,5299.888,1179,4120.888,899
Nepal,1995/96,October,,,0,0
Nicaragua,1995/96,October,984.676,111.5,873.176,40.9
Nigeria,1995/96,October,53.038,40,13.038,0
Panama,1995/96,October,209.448,76.667,132.781,49.779
Sierra Leone,1995/96,October,43.768,8,35.768,0
Sri Lanka,1995/96,October,35.595,20,15.595,5
Thailand,1995/96,October,1317.226,417,900.226,80.25
Togo,1995/96,October,84.401,1,83.401,1.183
Trinidad & Tobago,1995/96,October,17.629,14,3.629,0
Uganda,1995/96,October,3243.584,80,3163.584,2520
Venezuela,1995/96,October,1466.554,962.46,504.094,250
Vietnam,1995/96,October,3970.086,281.845,3688.241,158
Yemen,1995/96,October,,,0,0
Angola,1996/97,April,70.925,20,50.925,40
Bolivia,1996/97,April,133.079,40,93.079,14
Brazil,1996/97,April,29196.743,11000,18196.743,26361
Burundi,1996/97,April,400.969,2,398.969,88.5
Ecuador,1996/97,April,1992.914,300,1692.914,200
Indonesia,1996/97,April,8220.584,1486,6734.584,166.667
Madagascar,1996/97,April,849.008,167,682.008,2.033
Malawi,1996/97,April,48.65,2,46.65,13
Papua New Guinea,1996/97,April,1089.348,2,1087.348,40
Paraguay,1996/97,April,25.563,20,5.563,55
Peru,1996/97,April,1805.861,200,1605.861,0
Rwanda,1996/97,April,293.003,1,292.003,10.679
Timor-Leste,1996/97,April,,,0,0
Zimbabwe,1996/97,April,174.393,4,170.393,9.594
"Congo, Rep. of",1996/97,July,13.86,3,10.86,0
Cuba,1996/97,July,365.865,189,176.865,84.1
Dominican Republic,1996/97,July,518.848,325,193.848,180
Haiti,1996/97,July,428.387,330,98.387,39.236
Philippines,1996/97,July,889.819,831,58.819,1117
Tanzania,1996/97,July,763.94,16.6,747.34,35.4
Zambia,1996/97,July,33.025,1,32.025,0
Benin,1996/97,October,0,0,0,0
Cameroon,1996/97,October,1432.189,100,1332.189,175
Central African Republic,1996/97,October,207.831,10,197.831,9
Colombia,1996/97,October,10719.063,1600,9119.063,6260
"Congo, Dem. Rep. of",1996/97,October,794.577,200,594.577,84.57
Costa Rica,1996/97,October,2221.915,375,1846.915,297
Côte d'Ivoire,1996/97,October,4858.592,50,4808.592,469
El Salvador,1996/97,October,2533.568,230,2303.568,663.044
Equatorial Guinea,1996/97,October,1.12,0,1.12,0
Ethiopia,1996/97,October,3407.442,1637,1770.442,4018
Gabon,1996/97,October,1.279,833,446,992
Ghana,1996/97,October,32.425,3,29.425,36
Guatemala,1996/97,October,4524.556,300,4224.556,131.661
Guinea,1996/97,October,147.638,50,97.638,12
Guyana,1996/97,October,,,0,0
Honduras,1996/97,October,2004.388,167.924,1836.464,23
India,1996/97,October,3417.454,833.333,2584.121,692
Jamaica,1996/97,October,53.864,18,35.864,15
Kenya,1996/97,October,1246.753,50,1196.753,295.574
"Lao, People's Dem. Rep. of",1996/97,October,,,0,0
Liberia,1996/97,October,5,5,0,0
Mexico,1996/97,October,5109.551,1235,3874.551,524
Nepal,1996/97,October,,,0,0
Nicaragua,1996/97,October,793.305,95.37,697.935,16.374
Nigeria,1996/97,October,45.975,40,5.975,0
Panama,1996/97,October,210.742,76.667,134.075,31.353
Sierra Leone,1996/97,October,40.91,8,32.91,0
Sri Lanka,1996/97,October,36.999,20,16.999,4
Thailand,1996/97,October,1403.581,333,1070.581,87.133
Togo,1996/97,October,290.586,1,289.586,533
Trinidad & Tobago,1996/97,October,18.188,14,4.188,0
Uganda,1996/97,October,3418.724,80,3338.724,1470
Venezuela,1996/97,October,1206.162,1003.18,202.982,300
Vietnam,1996/97,October,5752.481,297.516,5454.965,167
Yemen,1996/97,October,,,0,0
Angola,1997/98,April,64.33,40,24.33,40
Bolivia,1997/98,April,153.219,45,108.219,2
Brazil,1997/98,April,26148.004,11500,14648.004,27298
Burundi,1997/98,April,249.785,2,247.785,301.833
Ecuador,1997/98,April,1190.663,300,890.663,380
Indonesia,1997/98,April,7620.778,1532,6088.778,128.784
Madagascar,1997/98,April,623.804,167,456.804,16.667
Malawi,1997/98,April,60.82,2,58.82,2
Papua New Guinea,1997/98,April,1074.021,2,1072.021,45
Paraguay,1997/98,April,23.379,20,3.379,45
Peru,1997/98,April,1929.959,200,1729.959,78
Rwanda,1997/98,April,193.422,3,190.422,15.127
Timor-Leste,1997/98,April,,,0,0
Zimbabwe,1997/98,April,130.193,4,126.193,0
"Congo, Rep. of",1997/98,July,3.27,3,0.27,0
Cuba,1997/98,July,300.021,195,105.021,147.4
Dominican Republic,1997/98,July,941.242,325,616.242,34
Haiti,1997/98,July,431.818,330,101.818,25
Philippines,1997/98,July,935.472,853,82.472,1148
Tanzania,1997/98,July,623.78,17,606.78,15
Zambia,1997/98,July,38.462,0.6,37.862,0
Benin,1997/98,October,0,0,0,0
Cameroon,1997/98,October,888.942,100,788.942,131.484
Central African Republic,1997/98,October,114.354,10,104.354,5.886
Colombia,1997/98,October,12219.455,1600,10619.455,4203
"Congo, Dem. Rep. of",1997/98,October,811.217,200,611.217,87.317
Costa Rica,1997/98,October,2616.6,375,2241.6,79
Côte d'Ivoire,1997/98,October,4164.004,50,4114.004,1372.5
El Salvador,1997/98,October,2174.809,191.667,1983.142,129.068
Equatorial Guinea,1997/98,October,1.669,0,1.669,0
Ethiopia,1997/98,October,3056.864,1724,1332.864,3935
Gabon,1997/98,October,2.668,0.8,1.868,733
Ghana,1997/98,October,27.275,3,24.275,37.225
Guatemala,1997/98,October,4219.373,300,3919.373,132
Guinea,1997/98,October,171.711,50,121.711,6
Guyana,1997/98,October,,,0,0
Honduras,1997/98,October,2564.405,161,2403.405,33.998
India,1997/98,October,3805.089,833.333,2971.756,800
Jamaica,1997/98,October,47.025,20,27.025,23.588
Kenya,1997/98,October,881.965,50,831.965,103
"Lao, People's Dem. Rep. of",1997/98,October,,,0,0
Liberia,1997/98,October,5,5,0,0
Mexico,1997/98,October,4801.561,1201,3600.561,208
Nepal,1997/98,October,,,0,0
Nicaragua,1997/98,October,1083.523,123,960.523,12.398
Nigeria,1997/98,October,44.667,40,4.667,0
Panama,1997/98,October,217.469,80.615,136.854,47
Sierra Leone,1997/98,October,49.679,5,44.679,0
Sri Lanka,1997/98,October,57.584,20,37.584,1
Thailand,1997/98,October,1293.076,390,903.076,54.3
Togo,1997/98,October,221.078,1,220.078,0
Trinidad & Tobago,1997/98,October,19.392,14,5.392,0
Uganda,1997/98,October,3439.868,101.19,3338.678,571.71
Venezuela,1997/98,October,951.285,1045.61,0,319
Vietnam,1997/98,October,6978.942,314.058,6664.884,200
Yemen,1997/98,October,,,0,0
Angola,1998/99,April,85.344,30,55.344,10
Bolivia,1998/99,April,149.985,45,104.985,1
Brazil,1998/99,April,36760.8533,12200,24560.8533,26594
Burundi,1998/99,April,491.992,2,489.992,3.584
Ecuador,1998/99,April,1205.968,300,905.968,160
Indonesia,1998/99,April,7295.955,1578,5717.955,709.035
Madagascar,1998/99,April,991.799,167,824.799,40
Malawi,1998/99,April,64.321,2,62.321,3
Papua New Guinea,1998/99,April,1352.149,1,1351.149,38.3
Paraguay,1998/99,April,58.347,20,38.347,40
Peru,1998/99,April,2102.298,200,1902.298,98
Rwanda,1998/99,April,222.637,3,219.637,1.89
Timor-Leste,1998/99,April,,,0,0
Zimbabwe,1998/99,April,149.45,4,145.45,0
"Congo, Rep. of",1998/99,July,3,3,0,0
Cuba,1998/99,July,279.953,200,79.953,140.2
Dominican Republic,1998/99,July,486.592,325,161.592,245
Haiti,1998/99,July,439.247,330,109.247,22
Philippines,1998/99,July,676.729,810,0,1193
Tanzania,1998/99,July,739.312,17,722.312,15.711
Zambia,1998/99,July,61.686,0.6,61.086,0
Benin,1998/99,October,0,0,0,0
Cameroon,1998/99,October,1113.94,100,1013.94,133.333
Central African Republic,1998/99,October,214.582,19,195.582,3.502
Colombia,1998/99,October,10979.094,1600,9379.094,3911
"Congo, Dem. Rep. of",1998/99,October,738.083,200,538.083,97.847
Costa Rica,1998/99,October,2445.12,375,2070.12,163
Côte d'Ivoire,1998/99,October,1991.547,50,1941.547,437.5
El Salvador,1998/99,October,2054.628,191.667,1862.961,227.232
Equatorial Guinea,1998/99,October,1.036,0,1.036,0
Ethiopia,1998/99,October,2927.725,1816,1111.725,3178
Gabon,1998/99,October,3.765,0.8,2.965,1.086
Ghana,1998/99,October,54.436,1,53.436,44
Guatemala,1998/99,October,4892.964,300,4592.964,161
Guinea,1998/99,October,421.266,50,371.266,6
Guyana,1998/99,October,5.9811,4.867,1.1141,0
Honduras,1998/99,October,2195.145,138,2057.145,138.209
India,1998/99,October,4416.768,833,3583.768,290
Jamaica,1998/99,October,29.083,14.8,14.283,30.132
Kenya,1998/99,October,1172.882,50,1122.882,129
"Lao, People's Dem. Rep. of",1998/99,October,171.424,0,171.424,0
Liberia,1998/99,October,17.779,5,12.779,0
Mexico,1998/99,October,4801.348,1108,3693.348,195
Nepal,1998/99,October,,,0,0
Nicaragua,1998/99,October,1073.08,126.5,946.58,16.64
Nigeria,1998/99,October,53.405,40,13.405,0
Panama,1998/99,October,191.996,67,124.996,42
Sierra Leone,1998/99,October,26.882,5,21.882,0
Sri Lanka,1998/99,October,45.738,30,15.738,19
Thailand,1998/99,October,915.986,433,482.986,172.4
Togo,1998/99,October,321.486,2,319.486,42.552
Trinidad & Tobago,1998/99,October,17.018,14,3.018,0.75
Uganda,1998/99,October,3385.839,116,3269.839,878.05
Venezuela,1998/99,October,1597.279,1089.84,507.439,145
Vietnam,1998/99,October,7051.722,331.519,6720.203,250
Yemen,1998/99,October,68.7007,0,68.7007,0
Angola,1999/00,April,54.939,20,34.939,10
Bolivia,1999/00,April,183.702,60,123.702,5
Brazil,1999/00,April,47577.8065,12700,34877.8065,30070
Burundi,1999/00,April,350.55,2,348.55,101.726
Ecuador,1999/00,April,1197.6832,230,967.6832,100
Indonesia,1999/00,April,6557.0662,1626,4931.0662,707.751
Madagascar,1999/00,April,427.317,56,371.317,42.133
Malawi,1999/00,April,59,1,58,3
Papua New Guinea,1999/00,April,1387.0519,2,1385.0519,47.664
Paraguay,1999/00,April,20.241,20,241,36
Peru,1999/00,April,2743.533,200,2543.533,88
Rwanda,1999/00,April,307.275,2,305.275,2.306
Timor-Leste,1999/00,April,,,0,0
Zimbabwe,1999/00,April,125.4843,4,121.4843,10
"Congo, Rep. of",1999/00,July,3,3,0,0
Cuba,1999/00,July,327.9874,200,127.9874,116.2
Dominican Republic,1999/00,July,606.879,325,281.879,254.295
Haiti,1999/00,July,399.027,340,59.027,19
Philippines,1999/00,July,621.7634,862,0,1057
Tanzania,1999/00,July,842.2181,14,828.2181,12.999
Zambia,1999/00,July,58.725,0.6,58.125,0
Benin,1999/00,October,0,0,0,0
Cameroon,1999/00,October,1369.824,100,1269.824,120
Central African Republic,1999/00,October,240.682,21,219.682,5
Colombia,1999/00,October,9678.7709,1400,8278.7709,2998
"Congo, Dem. Rep. of",1999/00,October,477.154,200,277.154,93.636
Costa Rica,1999/00,October,2485.33,375,2110.33,141
Côte d'Ivoire,1999/00,October,6320.4388,50,6270.4388,115
El Salvador,1999/00,October,2598.1449,153.3,2444.8449,278.53
Equatorial Guinea,1999/00,October,179,0,179,0
Ethiopia,1999/00,October,3784.051,1912,1872.051,2533
Gabon,1999/00,October,2.057,715,1.342,1.301
Ghana,1999/00,October,88.9011,1,87.9011,10.218
Guatemala,1999/00,October,5120.1288,300,4820.1288,161
Guinea,1999/00,October,363.707,50,313.707,22
Guyana,1999/00,October,5.0876,4.35,0.7376,0
Honduras,1999/00,October,2985.005,168,2817.005,109.095
India,1999/00,October,4866.5892,917,3949.5892,329
Jamaica,1999/00,October,37.9705,11,26.9705,23.103
Kenya,1999/00,October,1501.891,50,1451.891,155.784
"Lao, People's Dem. Rep. of",1999/00,October,238.772,0,238.772,0
Liberia,1999/00,October,12.163,5,7.163,0
Mexico,1999/00,October,6218.6765,1150,5068.6765,10
Nepal,1999/00,October,,,0,0
Nicaragua,1999/00,October,1554.0548,130.3,1423.7548,8.4
Nigeria,1999/00,October,45.067,40,5.067,0
Panama,1999/00,October,166.381,67,99.381,20
Sierra Leone,1999/00,October,59.02,5,54.02,0
Sri Lanka,1999/00,October,31.716,30,1.716,8
Thailand,1999/00,October,1272.8378,433,839.8378,238.05
Togo,1999/00,October,262.808,2,260.808,51.862
Trinidad & Tobago,1999/00,October,16.89,14,2.89,0
Uganda,1999/00,October,2862.447,119,2743.447,500.22
Venezuela,1999/00,October,1366.835,1135.94,230.895,70
Vietnam,1999/00,October,11630.9138,350,11280.9138,283
Yemen,1999/00,October,60.579,0,60.579,0
Angola,2000/01,April,49.785,20,29.785,5
Bolivia,2000/01,April,172.604,60,112.604,6
Brazil,2000/01,April,31310.353,13200,18110.353,43762
Burundi,2000/01,April,487.46,2,485.46,12.477
Ecuador,2000/01,April,853.817,200,653.817,85
Indonesia,2000/01,April,6987.2397,1676,5311.2397,792.868
Madagascar,2000/01,April,362.1618,89.1,273.0618,9.433
Malawi,2000/01,April,63.138,1,62.138,9
Papua New Guinea,2000/01,April,1040.7392,2,1038.7392,104.943
Paraguay,2000/01,April,42.402,20,22.402,33
Peru,2000/01,April,2675.593,200,2475.593,157.149
Rwanda,2000/01,April,273.363,2,271.363,0.71
Timor-Leste,2000/01,April,7.1279,0,7.1279,0
Zimbabwe,2000/01,April,108.523,4,104.523,10
"Congo, Rep. of",2000/01,July,3,3,0,0
Cuba,2000/01,July,312.4345,213,99.4345,126.2
Dominican Republic,2000/01,July,467.038,325,142.038,337.619
Haiti,2000/01,July,419.85,340,79.85,16
Philippines,2000/01,July,340.9218,820,0,930
Tanzania,2000/01,July,808.8714,15,793.8714,82.219
Zambia,2000/01,July,93.374,0.6,92.774,0
Benin,2000/01,October,0,0,0,0
Cameroon,2000/01,October,1113.143,75,1038.143,117.5
Central African Republic,2000/01,October,113.313,3,110.313,36.942
Colombia,2000/01,October,10399.887,1400,8999.887,2241
"Congo, Dem. Rep. of",2000/01,October,362.535,200,162.535,18.113
Costa Rica,2000/01,October,2418.536,375,2043.536,267
Côte d'Ivoire,2000/01,October,4845.586,316.667,4528.919,551.649
El Salvador,2000/01,October,1704.4498,144,1560.4498,232.9
Equatorial Guinea,2000/01,October,0,0,0,0
Ethiopia,2000/01,October,3115.149,2014,1101.149,2400
Gabon,2000/01,October,0,0.3,0,2.309
Ghana,2000/01,October,76.456,1,75.456,18
Guatemala,2000/01,October,4939.753,300,4639.753,80.33
Guinea,2000/01,October,399.992,50,349.992,56
Guyana,2000/01,October,2.8718,1.883,0.9888,0
Honduras,2000/01,October,2666.658,230,2436.658,69.2
India,2000/01,October,5019.7666,1000,4019.7666,364
Jamaica,2000/01,October,36.8774,12.067,24.8104,20.525
Kenya,2000/01,October,1001.8641,50,951.8641,411.946
"Lao, People's Dem. Rep. of",2000/01,October,212.185,0,212.185,0
Liberia,2000/01,October,12.305,5,7.305,0
Mexico,2000/01,October,4814.9789,1305,3509.9789,193
Nepal,2000/01,October,,,,
Nicaragua,2000/01,October,1572.4326,174.93,1397.5026,107.823
Nigeria,2000/01,October,49.431,40,9.431,0
Panama,2000/01,October,170.226,67,103.226,41.777
Sierra Leone,2000/01,October,49.155,5,44.155,7
Sri Lanka,2000/01,October,33.28,30,3.28,7
Thailand,2000/01,October,1692.2342,500,1192.2342,116.167
Togo,2000/01,October,197.401,2,195.401,33.579
Trinidad & Tobago,2000/01,October,16.393,14,2.393,0
Uganda,2000/01,October,3400.683,142,3258.683,326.41
Venezuela,2000/01,October,1449.924,1183.99,265.934,188
Vietnam,2000/01,October,14841.309,401.625,14439.684,666.667
Yemen,2000/01,October,63.936,0,63.936,0
Angola,2001/02,April,20.69,20,0.69,15
Bolivia,2001/02,April,117.516,60,57.516,6
Brazil,2001/02,April,31365.0955,13590,17775.0955,43295
Burundi,2001/02,April,143.982,2,141.982,90.752
Ecuador,2001/02,April,792.847,200,592.847,55
Indonesia,2001/02,April,6833.356,2000,4833.356,489.934
Madagascar,2001/02,April,147.236,128,19.236,84
Malawi,2001/02,April,60.39,1,59.39,3
Papua New Guinea,2001/02,April,1062.593,2,1060.593,93.6269
Paraguay,2001/02,April,19.6,20,0,30
Peru,2001/02,April,2828.946,200,2628.946,214.162
Rwanda,2001/02,April,295.51,2,293.51,0
Timor-Leste,2001/02,April,32.8539,0,32.8539,0
Zimbabwe,2001/02,April,121.042,4,117.042,10
"Congo, Rep. of",2001/02,July,3,3,0,0
Cuba,2001/02,July,284.974,220,64.974,129.6
Dominican Republic,2001/02,July,386.958,340.198,46.76,355.285
Haiti,2001/02,July,402.64,340,62.64,13
Philippines,2001/02,July,262.682,821,0,882
Tanzania,2001/02,July,624.089,15,609.089,60
Zambia,2001/02,July,99.672,0.6,99.072,0
Benin,2001/02,October,0,0,0,0
Cameroon,2001/02,October,685.677,69,616.677,10.833
Central African Republic,2001/02,October,68.172,3,65.172,42.988
Colombia,2001/02,October,11962.441,1400,10562.441,1804
"Congo, Dem. Rep. of",2001/02,October,423.184,200,223.184,29.306
Costa Rica,2001/02,October,2246.7,375,1871.7,200
Côte d'Ivoire,2001/02,October,3596.116,316.667,3279.449,810.735
El Salvador,2001/02,October,1693.966,153.3,1540.666,125.8
Equatorial Guinea,2001/02,October,0,0,0,0
Ethiopia,2001/02,October,4044.24,2121,1923.24,2083
Gabon,2001/02,October,822,0.3,522,0
Ghana,2001/02,October,7.285,1,6.285,21
Guatemala,2001/02,October,3668.96,300,3368.96,306
Guinea,2001/02,October,235.979,50,185.979,56
Guyana,2001/02,October,5.2563,4.167,1.0893,0
Honduras,2001/02,October,3036.252,200,2836.252,36.14
India,2001/02,October,5010.313,1067,3943.313,354
Jamaica,2001/02,October,30.775,10,20.775,16.502
Kenya,2001/02,October,990.531,50,940.531,130.346
"Lao, People's Dem. Rep. of",2001/02,October,258.1452,0,258.1452,0
Liberia,2001/02,October,11.833,5,6.833,0
Mexico,2001/02,October,4438.404,1500,2938.404,354
Nepal,2001/02,October,,,,
Nicaragua,2001/02,October,1078.752,177.323,901.429,82.422
Nigeria,2001/02,October,44.003,40,4.003,0
Panama,2001/02,October,159.939,67,92.939,75
Sierra Leone,2001/02,October,79.2,5,74.2,17
Sri Lanka,2001/02,October,31.531,30,1.531,6
Thailand,2001/02,October,714.5,500,214.5,124
Togo,2001/02,October,112.018,2,110.018,34.166
Trinidad & Tobago,2001/02,October,16.165,14,2.165,0
Uganda,2001/02,October,3157.777,141,3016.777,510
Venezuela,2001/02,October,1264.613,1234.07,30.543,428
Vietnam,2001/02,October,13093.244,460.865,12632.379,500
Yemen,2001/02,October,62.2185,0,62.2185,0
Angola,2002/03,April,56.64,20,36.64,5
Bolivia,2002/03,April,149.168,60,89.168,0
Brazil,2002/03,April,48351.634,13750,34601.634,37303
Burundi,2002/03,April,453.732,2,451.732,16.185
Ecuador,2002/03,April,582.224,150,432.224,35
Indonesia,2002/03,April,6731.376,1779,4952.376,150.15
Madagascar,2002/03,April,445.455,217,228.455,28.795
Malawi,2002/03,April,42.464,1,41.464,3
Papua New Guinea,2002/03,April,1085.147,2,1083.147,81.054
Paraguay,2002/03,April,26.0485,20,6.0485,28
Peru,2002/03,April,3000.32,220,2780.32,205
Rwanda,2002/03,April,319.68,333,319.347,0
Timor-Leste,2002/03,April,36.8093,0,36.8093,0
Zimbabwe,2002/03,April,110.121,4,106.121,10
"Congo, Rep. of",2002/03,July,3,3,0,0
Cuba,2002/03,July,239.105,224,15.105,102.6
Dominican Republic,2002/03,July,455.198,340.198,115,311.909
Haiti,2002/03,July,373.945,340,33.945,13
Philippines,2002/03,July,255.21,829,0,814
Tanzania,2002/03,July,823.609,15,808.609,11.667
Zambia,2002/03,July,118.927,0.6,118.327,0
Benin,2002/03,October,0,0,0,0
Cameroon,2002/03,October,800.795,69,731.795,11
Central African Republic,2002/03,October,92.094,3.787,88.307,7.9
Colombia,2002/03,October,11735.253,1400,10335.253,1741
"Congo, Dem. Rep. of",2002/03,October,337.873,200,137.873,87.96
Costa Rica,2002/03,October,2043.413,375,1668.413,191
Côte d'Ivoire,2002/03,October,3009.64,316.667,2692.973,702.02
El Salvador,2002/03,October,1361.376,153.3,1208.076,185.9
Equatorial Guinea,2002/03,October,0,0,0,0
Ethiopia,2002/03,October,4093.902,2234,1859.902,2067
Gabon,2002/03,October,1.25,0.3,0.95,0
Ghana,2002/03,October,33.6323,1,32.6323,15
Guatemala,2002/03,October,4069.953,300,3769.953,345
Guinea,2002/03,October,328.229,50,278.229,59
Guyana,2002/03,October,5.2013,4.35,0.8513,0
Honduras,2002/03,October,2495.886,200,2295.886,255.343
India,2002/03,October,4587.889,1133,3454.889,653
Jamaica,2002/03,October,37.123,9,28.123,9.484
Kenya,2002/03,October,945.402,50,895.402,277.633
"Lao, People's Dem. Rep. of",2002/03,October,402.0043,158,244.0043,0
Liberia,2002/03,October,12.482,5,7.482,0
Mexico,2002/03,October,4351.426,1500,2851.426,399
Nepal,2002/03,October,,,,
Nicaragua,2002/03,October,1170.017,179.624,990.393,96.71
Nigeria,2002/03,October,49.815,40,9.815,0
Panama,2002/03,October,139.962,67,72.962,90
Sierra Leone,2002/03,October,41.7289,5,36.7289,17
Sri Lanka,2002/03,October,34.3807,30,4.3807,5
Thailand,2002/03,October,731.9,500,231.9,78.7
Togo,2002/03,October,68.205,2,66.205,30.6
Trinidad & Tobago,2002/03,October,16.5524,14,2.5524,0
Uganda,2002/03,October,2890.058,140,2750.058,373.62
Venezuela,2002/03,October,1483.5896,1286.27,197.3196,328
Vietnam,2002/03,October,11573.935,518.842,11055.093,1166.667
Yemen,2002/03,October,56.7446,0,56.7446,0
Angola,2003/04,April,38.013,15,23.013,30
Bolivia,2003/04,April,124.823,60,64.823,0
Brazil,2003/04,April,28873.4093,14200,14673.4093,42292
Burundi,2003/04,April,337.858,2,335.858,36.862
Ecuador,2003/04,April,640.79,150,490.79,32
Indonesia,2003/04,April,6404.076,1833,4571.076,822.068
Madagascar,2003/04,April,434.658,333,101.658,62.963
Malawi,2003/04,April,48.155,1,47.155,1
Papua New Guinea,2003/04,April,1154.944,2,1152.944,87.709
Paraguay,2003/04,April,51.7261,20,31.7261,24
Peru,2003/04,April,2685.986,220,2465.986,147
Rwanda,2003/04,April,265.742,333,265.409,10.925
Timor-Leste,2003/04,April,41.8233,0,41.8233,0
Zimbabwe,2003/04,April,91.649,4,87.649,10
"Congo, Rep. of",2003/04,July,3,3,0,0
Cuba,2003/04,July,223.507,224,0,60
Dominican Republic,2003/04,July,350.673,340,10.673,276.228
Haiti,2003/04,July,373.842,340,33.842,10
Philippines,2003/04,July,292.691,917,0,698
Tanzania,2003/04,July,611.734,27,584.734,766
Zambia,2003/04,July,100.333,0.6,99.733,0
Benin,2003/04,October,0,0,0,0
Cameroon,2003/04,October,900.282,69,831.282,11
Central African Republic,2003/04,October,42.73,3.787,38.943,58.333
Colombia,2003/04,October,11230.157,1400,9830.157,1598
"Congo, Dem. Rep. of",2003/04,October,451.06,200,251.06,31.241
Costa Rica,2003/04,October,1886.432,375,1511.432,183
Côte d'Ivoire,2003/04,October,2981.252,316.667,2664.585,786.607
El Salvador,2003/04,October,1380.097,153.3,1226.797,150.7
Equatorial Guinea,2003/04,October,0,0,0,0
Ethiopia,2003/04,October,4393.717,2353,2040.717,1650
Gabon,2003/04,October,0.3,0.3,0,0
Ghana,2003/04,October,18.1419,1,17.1419,10
Guatemala,2003/04,October,3609.931,300,3309.931,150
Guinea,2003/04,October,365.529,50,315.529,59
Guyana,2003/04,October,5.4252,4.75,0.6752,0
Honduras,2003/04,October,2967.865,200,2767.865,112.513
India,2003/04,October,4508.272,1167,3341.272,635
Jamaica,2003/04,October,37.4471,9,28.4471,12.664
Kenya,2003/04,October,673.422,50,623.422,295.146
"Lao, People's Dem. Rep. of",2003/04,October,361.4625,103,258.4625,0
Liberia,2003/04,October,5.08,5,0.08,0
Mexico,2003/04,October,4201.0193,1500,2701.0193,688
Nepal,2003/04,October,0.9,0,0.9,
Nicaragua,2003/04,October,1509.098,181.915,1327.183,133.637
Nigeria,2003/04,October,46.1504,40,6.1504,0
Panama,2003/04,October,172.062,67,105.062,78.869
Sierra Leone,2003/04,October,35.5163,5,30.5163,17
Sri Lanka,2003/04,October,36.8942,30,6.8942,4
Thailand,2003/04,October,826.567,500,326.567,112
Togo,2003/04,October,143.792,2,141.792,19.1
Trinidad & Tobago,2003/04,October,16.0967,14,2.0967,0
Uganda,2003/04,October,2598.532,131,2467.532,313.73
Venezuela,2003/04,October,1420.5247,1340.68,79.8447,228
Vietnam,2003/04,October,15337.352,606.846,14730.506,666.667
Yemen,2003/04,October,193.3027,146,47.3027,0
Angola,2004/05,April,14.77,15,0,40
Bolivia,2004/05,April,169.8071,60,109.8071,0
Brazil,2004/05,April,39281.1457,14946,24335.1457,32056
Burundi,2004/05,April,437.036,2,435.036,49.029
Ecuador,2004/05,April,780.435,150,630.435,20
Indonesia,2004/05,April,7536.371,2000,5536.371,572.068
Madagascar,2004/05,April,521.66,467,54.66,42.367
Malawi,2004/05,April,20.615,1,19.615,1
Papua New Guinea,2004/05,April,997.514,2,995.514,88.56
Paraguay,2004/05,April,26.2389,20,6.2389,18
Peru,2004/05,April,3425.1559,220,3205.1559,133
Rwanda,2004/05,April,449.733,1,448.733,8.957
Timor-Leste,2004/05,April,16.5932,0,16.5932,0
Zimbabwe,2004/05,April,120.3133,4,116.3133,10
"Congo, Rep. of",2004/05,July,3,3,0,0
Cuba,2004/05,July,179.984,224,0,30
Dominican Republic,2004/05,July,490.679,377.998,112.681,209
Haiti,2004/05,July,365.211,340,25.211,10
Philippines,2004/05,July,354.813,1020,0,554
Tanzania,2004/05,July,763.182,37,726.182,4.167
Zambia,2004/05,July,110.377,0.6,109.777,0
Benin,2004/05,October,0,0,0,0
Cameroon,2004/05,October,727.382,69,658.382,11
Central African Republic,2004/05,October,28.715,3,25.715,29
Colombia,2004/05,October,11572.523,1400,10172.523,1274
"Congo, Dem. Rep. of",2004/05,October,359.754,200,159.754,9.124
Costa Rica,2004/05,October,1875.8399,375,1500.8399,189
Côte d'Ivoire,2004/05,October,2135.5998,316.667,1818.9328,846.867
El Salvador,2004/05,October,1196.873,172.5,1024.373,127.6
Equatorial Guinea,2004/05,October,0,0,0,0
Ethiopia,2004/05,October,5212.951,2478,2734.951,1317
Gabon,2004/05,October,0.3,0.3,0,0
Ghana,2004/05,October,18.1139,1.59,16.5239,8
Guatemala,2004/05,October,3703.026,300,3403.026,153
Guinea,2004/05,October,316.116,50,266.116,29
Guyana,2004/05,October,6.0561,5.5,0.5561,0
Honduras,2004/05,October,2575.144,230,2345.144,86.618
India,2004/05,October,4592.0102,1250,3342.0102,663
Jamaica,2004/05,October,21.3066,9,12.3066,14.48
Kenya,2004/05,October,735.583,50,685.583,98.163
"Lao, People's Dem. Rep. of",2004/05,October,379.4417,135,244.4417,0
Liberia,2004/05,October,5.78,5,0.78,0
Mexico,2004/05,October,3867.3474,1500,2367.3474,966
Nepal,2004/05,October,0.95,0,0.95,
Nicaragua,2004/05,October,1068.077,184.278,883.799,219.456
Nigeria,2004/05,October,45.1379,40,5.1379,0
Panama,2004/05,October,90.3892,67,23.3892,79
Sierra Leone,2004/05,October,14.5255,5,9.5255,17
Sri Lanka,2004/05,October,31.6437,30,1.6437,3
Thailand,2004/05,October,884.383,500,384.383,89.967
Togo,2004/05,October,165.522,2,163.522,9.383
Trinidad & Tobago,2004/05,October,15.1235,14,1.1235,0
Uganda,2004/05,October,2612.619,140,2472.619,258.2
Venezuela,2004/05,October,1326.5336,1397.39,0,128
Vietnam,2004/05,October,14370.453,696.356,13674.097,900
Yemen,2004/05,October,205.5589,136,69.5589,0
Angola,2005/06,April,24.965,15,9.965,35
Bolivia,2005/06,April,128.9692,60,68.9692,0
Brazil,2005/06,April,32932.9797,15538,17394.9797,28923
Burundi,2005/06,April,103.315,1.906,101.409,7.046
Ecuador,2005/06,April,935.3007,150,785.3007,47
Indonesia,2005/06,April,9158.9594,2500,6658.9594,286
Madagascar,2005/06,April,599.149,467,132.149,11.583
Malawi,2005/06,April,24.416,1,23.416,1
Papua New Guinea,2005/06,April,1268.1328,2,1266.1328,73.387
Paraguay,2005/06,April,45.2369,20,25.2369,14
Peru,2005/06,April,2488.8349,220,2268.8349,33
Rwanda,2005/06,April,337.0107,1,336.0107,0
Timor-Leste,2005/06,April,23.5228,0,23.5228,0
Zimbabwe,2005/06,April,65.9299,4,61.9299,10
"Congo, Rep. of",2005/06,July,3,3,0,0
Cuba,2005/06,July,99.5833,224,0,15
Dominican Republic,2005/06,July,310.0469,377.998,0,280.84
Haiti,2005/06,July,356.0064,340,16.0064,8
Philippines,2005/06,July,432.3372,1040,0,314
Tanzania,2005/06,July,804.4066,47,757.4066,4
Zambia,2005/06,July,102.936,0.6,102.336,0
Benin,2005/06,October,0,0,0,0
Cameroon,2005/06,October,869.7157,69,800.7157,11
Central African Republic,2005/06,October,23.1639,3,20.1639,13
Colombia,2005/06,October,12564.2337,1400,11164.2337,442
"Congo, Dem. Rep. of",2005/06,October,336.198,200,136.198,0
Costa Rica,2005/06,October,1652.5288,375,1277.5288,180
Côte d'Ivoire,2005/06,October,2099.0447,316.667,1782.3777,741.072
El Salvador,2005/06,October,1318.587,224.1,1094.487,129
Equatorial Guinea,2005/06,October,0,0,0,0
Ethiopia,2005/06,October,4779.486,2609,2170.486,1432
Gabon,2005/06,October,691,0.3,391,0
Ghana,2005/06,October,12.3749,1.59,10.7849,5
Guatemala,2005/06,October,3675.5298,300,3375.5298,99.667
Guinea,2005/06,October,524.884,50,474.884,29
Guyana,2005/06,October,7.0144,5.6,1.4144,0
Honduras,2005/06,October,3204.361,230,2974.361,36.529
India,2005/06,October,4567.2898,1337,3230.2898,1295
Jamaica,2005/06,October,34.2777,9,25.2777,5.829
Kenya,2005/06,October,660.135,50,610.135,125
"Lao, People's Dem. Rep. of",2005/06,October,279.646,140,139.646,0
Liberia,2005/06,October,5.361,5,361,0
Mexico,2005/06,October,4224.6637,1725,2499.6637,1426
Nepal,2005/06,October,1.3,0,1.3,
Nicaragua,2005/06,October,1431.8115,186.719,1245.0925,144.142
Nigeria,2005/06,October,68.5718,40,28.5718,0
Panama,2005/06,October,176.3307,67,109.3307,21
Sierra Leone,2005/06,October,59.9662,5,54.9662,10
Sri Lanka,2005/06,October,34.9432,30,4.9432,2
Thailand,2005/06,October,1063.9651,500,563.9651,132.25
Togo,2005/06,October,140.0759,2,138.0759,23.317
Trinidad & Tobago,2005/06,October,14.8624,14,0.8624,0
Uganda,2005/06,October,2175.201,150,2025.201,242
Venezuela,2005/06,October,1506.3009,1456.5,49.8009,28
Vietnam,2005/06,October,13841.8363,800,13041.8363,580
Yemen,2005/06,October,203.1808,138,65.1808,0
Angola,2006/07,April,35.095,30,5.095,40
Bolivia,2006/07,April,164.4297,60,104.4297,0
Brazil,2006/07,April,42986.9148,16331,26655.9148,21240
Burundi,2006/07,April,498.5,1.56,496.94,17.291
Ecuador,2006/07,April,1034.5199,150,884.5199,16
Indonesia,2006/07,April,7482.6737,2833,4649.6737,150
Madagascar,2006/07,April,586.51,467,119.51,20.25
Malawi,2006/07,April,16.663,1,15.663,3
Papua New Guinea,2006/07,April,807.2202,2,805.2202,86.109
Paraguay,2006/07,April,25.7472,20,5.7472,16
Peru,2006/07,April,4319.0586,220,4099.0586,30
Rwanda,2006/07,April,351.013,1,350.013,60
Timor-Leste,2006/07,April,46.2077,0,46.2077,0
Zimbabwe,2006/07,April,45.149,4,41.149,10
"Congo, Rep. of",2006/07,July,3,3,0,0
Cuba,2006/07,July,104.85,224,0,18
Dominican Republic,2006/07,July,386.6671,377.998,8.6691,120
Haiti,2006/07,July,362.112,340,22.112,0
Philippines,2006/07,July,441.1089,1060,0,150
Tanzania,2006/07,July,821.807,47,774.807,7.333
Zambia,2006/07,July,56.0696,0.6,55.4696,0
Benin,2006/07,October,0,0,0,0
Cameroon,2006/07,October,818.1664,69,749.1664,33
Central African Republic,2006/07,October,113.5037,3,110.5037,13
Colombia,2006/07,October,11758.6936,1194.633,10564.0606,855
"Congo, Dem. Rep. of",2006/07,October,377.5227,200,177.5227,0
Costa Rica,2006/07,October,1706.0731,375,1331.0731,140
Côte d'Ivoire,2006/07,October,2847.9404,316.667,2531.2734,715.64
El Salvador,2006/07,October,1233.661,253.8,979.861,110.9
Equatorial Guinea,2006/07,October,0,0,0,0
Ethiopia,2006/07,October,5550.74,2748,2802.74,900
Gabon,2006/07,October,1.403,0.3,1.103,0
Ghana,2006/07,October,20.2111,1,19.2111,5
Guatemala,2006/07,October,3950.3303,300,3650.3303,127
Guinea,2006/07,October,472.9477,50,422.9477,8
Guyana,2006/07,October,7.5796,5.717,1.8626,0
Honduras,2006/07,October,3461.2816,230,3231.2816,82.33
India,2006/07,October,4799.7424,1416.669,3383.0734,1165
Jamaica,2006/07,October,40.1196,9,31.1196,10.561
Kenya,2006/07,October,826.08,50,776.08,115
"Lao, People's Dem. Rep. of",2006/07,October,391.0986,140,251.0986,0
Liberia,2006/07,October,6.7276,5,1.7276,0
Mexico,2006/07,October,4200.3381,2000,2200.3381,1418
Nepal,2006/07,October,2.25,0,2.25,
Nicaragua,2006/07,October,1427.9262,189.185,1238.7412,16.208
Nigeria,2006/07,October,50.7351,40,10.7351,0
Panama,2006/07,October,173.1015,67,106.1015,21
Sierra Leone,2006/07,October,31.472,5,26.472,10
Sri Lanka,2006/07,October,32.875,30,2.875,1
Thailand,2006/07,October,822.4689,500,322.4689,73
Togo,2006/07,October,133.95,2,131.95,35
Trinidad & Tobago,2006/07,October,11.6981,11,0.6981,0
Uganda,2006/07,October,2894.16,175,2719.16,265.227
Venezuela,2006/07,October,1570.8961,1518.11,52.7861,30
Vietnam,2006/07,October,19339.7501,917,18422.7501,500
Yemen,2006/07,October,207.234,138,69.234,0
Angola,2007/08,April,35.631,30,5.631,40
Bolivia,2007/08,April,132.5292,60,72.5292,0
Brazil,2007/08,April,38971.7101,17110,21861.7101,19410.181
Burundi,2007/08,April,132.856,1.357,131.499,150.497
Ecuador,2007/08,April,950.4028,150,800.4028,7.5
Indonesia,2007/08,April,7776.5557,3333,4443.5557,30
Madagascar,2007/08,April,614.1661,467,147.1661,8.333
Malawi,2007/08,April,18.812,1,17.812,2
Papua New Guinea,2007/08,April,967.7113,2,965.7113,80.127
Paraguay,2007/08,April,38.6339,20,18.6339,6
Peru,2007/08,April,3062.9307,220,2842.9307,16
Rwanda,2007/08,April,224.0446,1,223.0446,17
Timor-Leste,2007/08,April,36.3032,0,36.3032,0
Zimbabwe,2007/08,April,31.2441,4,27.2441,5
"Congo, Rep. of",2007/08,July,3,3,0,0
Cuba,2007/08,July,109.8567,224,0,22
Dominican Republic,2007/08,July,464.9084,378,86.9084,45
Haiti,2007/08,July,359.4114,340,19.4114,0
Philippines,2007/08,July,445.6113,1060,0,50
Tanzania,2007/08,July,809.7958,47,762.7958,18.383
Zambia,2007/08,July,61.4737,1,60.4737,0
Benin,2007/08,October,0,0,0,0
Cameroon,2007/08,October,795.3046,69,726.3046,40.116
Central African Republic,2007/08,October,43.467,3.333,40.134,5
Colombia,2007/08,October,12515.4534,1280.923,11234.5304,242.514
"Congo, Dem. Rep. of",2007/08,October,415.9287,200,215.9287,0
Costa Rica,2007/08,October,1797.1373,375,1422.1373,100
Côte d'Ivoire,2007/08,October,1338.1445,317,1021.1445,1228.586
El Salvador,2007/08,October,1504.9911,250.5,1254.4911,54
Equatorial Guinea,2007/08,October,0,0,0,0
Ethiopia,2007/08,October,5966.6796,2894,3072.6796,933
Gabon,2007/08,October,721,0.3,421,0
Ghana,2007/08,October,34.6644,2,32.6644,3
Guatemala,2007/08,October,4099.6768,300,3799.6768,30
Guinea,2007/08,October,322.6894,50,272.6894,4
Guyana,2007/08,October,8.6174,7,1.6174,0
Honduras,2007/08,October,3639.7929,245,3394.7929,98.14
India,2007/08,October,4366.6594,1500,2866.6594,1155
Jamaica,2007/08,October,20.1766,9,11.1766,19.746
Kenya,2007/08,October,652.105,50,602.105,100
"Lao, People's Dem. Rep. of",2007/08,October,393.123,140,253.123,0
Liberia,2007/08,October,6.8511,5,1.8511,0
Mexico,2007/08,October,4150.3183,2200,1950.3183,725
Nepal,2007/08,October,1.2574,0,1.2574,
Nicaragua,2007/08,October,1905.6714,191.645,1714.0264,87.349
Nigeria,2007/08,October,42.1658,40,2.1658,0
Panama,2007/08,October,176.0553,67,109.0553,15
Sierra Leone,2007/08,October,40.0011,5,35.0011,2
Sri Lanka,2007/08,October,33.4906,30,3.4906,0
Thailand,2007/08,October,650.4208,550,100.4208,11
Togo,2007/08,October,125.131,2,123.131,20
Trinidad & Tobago,2007/08,October,12.1349,11,1.1349,0
Uganda,2007/08,October,3489.648,180.25,3309.398,280.151
Venezuela,2007/08,October,1520.4505,1582.33,0,15
Vietnam,2007/08,October,16405.0988,938,15467.0988,833
Yemen,2007/08,October,197.9537,130,67.9537,0
Angola,2008/09,April,37.61,30,7.61,40
Bolivia,2008/09,April,135.4186,60,75.4186,0
Brazil,2008/09,April,50490.0837,17660,32830.0837,13227.434
Burundi,2008/09,April,411.7822,1.435,410.3472,5.15
Ecuador,2008/09,April,770.6473,150,620.6473,6.2
Indonesia,2008/09,April,9612.3466,3333,6279.3466,56
Madagascar,2008/09,April,727.6884,467,260.6884,0
Malawi,2008/09,April,20.753,1,19.753,0
Papua New Guinea,2008/09,April,1027.6529,2,1025.6529,76
Paraguay,2008/09,April,20.0154,20,0.0154,0
Peru,2008/09,April,3872.262,250,3622.262,201
Rwanda,2008/09,April,368.7282,1,367.7282,17
Timor-Leste,2008/09,April,47.6918,0,47.6918,0
Zimbabwe,2008/09,April,24.2492,4,20.2492,0
"Congo, Rep. of",2008/09,July,3,3,0,0
Cuba,2008/09,July,133.4523,220,0,12
Dominican Republic,2008/09,July,645.0295,378,267.0295,52
Haiti,2008/09,July,358.6822,340,18.6822,0
Philippines,2008/09,July,586.8337,1720,0,0
Tanzania,2008/09,July,1186.2823,47,1139.2823,13.2166
Zambia,2008/09,July,34.6967,1,33.6967,0
Benin,2008/09,October,0,0,0,0
Cameroon,2008/09,October,724.9004,69,655.9004,9
Central African Republic,2008/09,October,59.616,5,54.616,8.333
Colombia,2008/09,October,8663.2373,1290.5,7372.7373,178.481
"Congo, Dem. Rep. of",2008/09,October,421.9583,200,221.9583,0
Costa Rica,2008/09,October,1499.918,267.859,1232.059,120
Côte d'Ivoire,2008/09,October,2526.3263,317,2209.3263,584.231
El Salvador,2008/09,October,1450.2264,244.3,1205.9264,15.2
Equatorial Guinea,2008/09,October,0,0,0,0
Ethiopia,2008/09,October,4948.9869,3048,1900.9869,1200
Gabon,2008/09,October,2.067,275,1.792,0
Ghana,2008/09,October,26.4006,2,24.4006,0
Guatemala,2008/09,October,3784.9658,335,3449.9658,8
Guinea,2008/09,October,504.7819,50,454.7819,1
Guyana,2008/09,October,9.8722,8.467,1.4052,0
Honduras,2008/09,October,3449.9872,268.333,3181.6542,98.14
India,2008/09,October,4378.002,1573.336,2804.666,926
Jamaica,2008/09,October,31.8915,9,22.8915,7
Kenya,2008/09,October,541.075,50,491.075,75
"Lao, People's Dem. Rep. of",2008/09,October,405.6104,150,255.6104,0
Liberia,2008/09,October,12.4117,5,7.4117,0
Mexico,2008/09,October,4650.6492,2200,2450.6492,120
Nepal,2008/09,October,1.4624,0,1.4624,0
Nicaragua,2008/09,October,1444.7342,194.147,1250.5872,204.411
Nigeria,2008/09,October,50.0048,40,10.0048,0
Panama,2008/09,October,149.1609,67,82.1609,5
Sierra Leone,2008/09,October,86.2856,5,81.2856,0
Sri Lanka,2008/09,October,30.8644,30,0.8644,0
Thailand,2008/09,October,674.5626,600,74.5626,11
Togo,2008/09,October,137.7531,2,135.7531,9
Trinidad & Tobago,2008/09,October,11.4194,11,0.4194,0
Uganda,2008/09,October,3335.167,185,3150.167,379.554
Venezuela,2008/09,October,932.4219,1649.26,0,7
Vietnam,2008/09,October,18438.1201,1021,17417.1201,526
Yemen,2008/09,October,219.7968,130,89.7968,0
Angola,2009/10,April,13.42,30,0,40
Bolivia,2009/10,April,142.4751,60,82.4751,0
Brazil,2009/10,April,43976.812,18390,25586.812,15766
Burundi,2009/10,April,111.613,1.399,110.214,40.465
Ecuador,2009/10,April,813.2849,150,663.2849,8
Indonesia,2009/10,April,11379.6699,3333,8046.6699,668
Madagascar,2009/10,April,456.9613,467,0,111
Malawi,2009/10,April,16.922,1,15.922,0
Papua New Guinea,2009/10,April,1037.9942,2,1035.9942,38
Paraguay,2009/10,April,20.0167,20,0.0167,0
Peru,2009/10,April,3286.0867,250,3036.0867,0
Rwanda,2009/10,April,258.9411,1,257.9411,28
Timor-Leste,2009/10,April,46.9126,0,46.9126,0
Zimbabwe,2009/10,April,21.3683,4,17.3683,0
"Congo, Rep. of",2009/10,July,3,3,0,0
Cuba,2009/10,July,92.103,220,0,12
Dominican Republic,2009/10,July,352.4645,378,0,205.928
Haiti,2009/10,July,350.5835,340,10.5835,0
Philippines,2009/10,July,730.4181,1820,0,0
Tanzania,2009/10,July,674.9343,47,627.9343,36
Zambia,2009/10,July,28.217,0,28.217,0
Benin,2009/10,October,0,0,0,0
Cameroon,2009/10,October,902.2813,69,833.2813,125
Central African Republic,2009/10,October,112.109,8.333,103.776,3.333
Colombia,2009/10,October,8097.7801,1269.863,6827.9171,75.058
"Congo, Dem. Rep. of",2009/10,October,345.8372,200,145.8372,49
Costa Rica,2009/10,October,1476.7476,295.441,1181.3066,51.186
Côte d'Ivoire,2009/10,October,1988.6994,317,1671.6994,1177.745
El Salvador,2009/10,October,1074.6297,268.3,806.3297,15.8
Equatorial Guinea,2009/10,October,0,0,0,0
Ethiopia,2009/10,October,6931.199,3210,3721.199,1233
Gabon,2009/10,October,493,0.25,243,1.117
Ghana,2009/10,October,36.9277,2,34.9277,5
Guatemala,2009/10,October,3834.7868,320,3514.7868,2
Guinea,2009/10,October,499.2465,50,449.2465,95
Guyana,2009/10,October,9.1767,8.233,0.9437,0
Honduras,2009/10,October,3602.9169,306.667,3296.2499,159.914
India,2009/10,October,4826.6521,1700,3126.6521,777
Jamaica,2009/10,October,25.0842,9,16.0842,5
Kenya,2009/10,October,629.74,50,579.74,25
"Lao, People's Dem. Rep. of",2009/10,October,433.8689,150,283.8689,13
Liberia,2009/10,October,12.692,5,7.692,0
Mexico,2009/10,October,4108.6243,2200,1908.6243,332
Nepal,2009/10,October,1.1083,0,1.1083,0
Nicaragua,2009/10,October,1871.1206,196.622,1674.4986,63.48
Nigeria,2009/10,October,34.2687,40,0,8
Panama,2009/10,October,137.7393,67,70.7393,22
Sierra Leone,2009/10,October,90.7017,5,85.7017,15
Sri Lanka,2009/10,October,31.5032,30,1.5032,0
Thailand,2009/10,October,794.7965,700,94.7965,2
Togo,2009/10,October,201.8831,2,199.8831,3
Trinidad & Tobago,2009/10,October,11.4069,11,0.4069,0
Uganda,2009/10,October,2893.876,188.7,2705.176,476.033
Venezuela,2009/10,October,1213.7061,1650,0,0
Vietnam,2009/10,October,17825.3453,1208,16617.3453,640
Yemen,2009/10,October,135.1816,130,5.1816,43
Angola,2010/11,April,34.97,30,4.97,20
Bolivia,2010/11,April,129.7249,60,69.7249,0
Brazil,2010/11,April,53428.4102,19132,34296.4102,11098
Burundi,2010/11,April,352.9776,2,350.9776,6.742
Ecuador,2010/11,April,853.9798,150,703.9798,12
Indonesia,2010/11,April,9128.5118,3333,5795.5118,725
Madagascar,2010/11,April,529.7233,467,62.7233,56
Malawi,2010/11,April,16.9285,1,15.9285,0
Papua New Guinea,2010/11,April,866.5184,1.43,865.0884,25
Paraguay,2010/11,April,20.1965,20,0.1965,0
Peru,2010/11,April,4068.823,250,3818.823,37
Rwanda,2010/11,April,322.9191,1,321.9191,19
Timor-Leste,2010/11,April,60.1017,0.49,59.6117,0
Zimbabwe,2010/11,April,10.0859,4,6.0859,0
"Congo, Rep. of",2010/11,July,3,3,0,0
Cuba,2010/11,July,108.497,220,0,8
Dominican Republic,2010/11,July,378.1562,378,0.1562,124.593
Haiti,2010/11,July,349.5281,340,9.5281,0
Philippines,2010/11,July,189.0533,2125,0,0
Tanzania,2010/11,July,845.9077,47,798.9077,16
Zambia,2010/11,July,13.1783,0,13.1783,0
Benin,2010/11,October,0,0,0,0
Cameroon,2010/11,October,527.1347,68.333,458.8017,136.75
Central African Republic,2010/11,October,78.462,10,68.462,18.85
Colombia,2010/11,October,8522.6874,1307.808,7214.8794,122.151
"Congo, Dem. Rep. of",2010/11,October,305.1575,200,105.1575,32
Costa Rica,2010/11,October,1613.6996,407.221,1206.4786,62.237
Côte d'Ivoire,2010/11,October,836.724,317,519.724,819.996
El Salvador,2010/11,October,1873.269,276,1597.269,18.2
Equatorial Guinea,2010/11,October,0,0,0,0
Ethiopia,2010/11,October,7500.3848,3383,4117.3848,2050
Gabon,2010/11,October,1.8323,947,0.8853,0.55
Ghana,2010/11,October,92.3075,2,90.3075,8
Guatemala,2010/11,October,3949.9335,340,3609.9335,71
Guinea,2010/11,October,386.4609,50,336.4609,82
Guyana,2010/11,October,9.1433,8.5,0.6433,0
Honduras,2010/11,October,4330.6854,335,3995.6854,95.312
India,2010/11,October,5032.9734,1800,3232.9734,923
Jamaica,2010/11,October,20.5548,9,11.5548,5
Kenya,2010/11,October,640.8736,50,590.8736,98
"Lao, People's Dem. Rep. of",2010/11,October,544.3616,150,394.3616,6
Liberia,2010/11,October,10.4386,5,5.4386,0
Mexico,2010/11,October,4001.4319,2354,1647.4319,479
Nepal,2010/11,October,3.0825,0,3.0825,0
Nicaragua,2010/11,October,1637.8216,202.745,1435.0766,83.175
Nigeria,2010/11,October,42.0553,40,2.0553,0
Panama,2010/11,October,113.8499,67,46.8499,29
Sierra Leone,2010/11,October,32.9146,5,27.9146,3
Sri Lanka,2010/11,October,37.0877,35,2.0877,0
Thailand,2010/11,October,828.1734,775,53.1734,8
Togo,2010/11,October,160.2912,2,158.2912,904
Trinidad & Tobago,2010/11,October,10.3587,10,0.3587,0
Uganda,2010/11,October,3267.232,204,3063.232,512.238
Venezuela,2010/11,October,1202.1338,1650,0,0
Vietnam,2010/11,October,19999.9999,1583,18416.9999,2716
Yemen,2010/11,October,161.1675,130,31.1675,5
Angola,2011/12,April,28.715,30,0,20
Bolivia,2011/12,April,142.8354,60,82.8354,0
Brazil,2011/12,April,50591.8289,19720,30871.8289,11340
Burundi,2011/12,April,204.1328,2,202.1328,7
Ecuador,2011/12,April,825.4144,150,675.4144,10
Indonesia,2011/12,April,6888.9233,3667,3221.9233,873
Madagascar,2011/12,April,584.8528,450,134.8528,30
Malawi,2011/12,April,25.8264,1,24.8264,0
Papua New Guinea,2011/12,April,1413.8545,1.236,1412.6185,10
Paraguay,2011/12,April,20.0195,20,0.0195,0
Peru,2011/12,April,5372.5296,250,5122.5296,24
Rwanda,2011/12,April,251.071,1,250.071,13
Timor-Leste,2011/12,April,47.3531,0.49,46.8631,0
Zimbabwe,2011/12,April,8.8564,4,4.8564,0
"Congo, Rep. of",2011/12,July,3,3,0,0
Cuba,2011/12,July,100.158,220,0,8
Dominican Republic,2011/12,July,490.5415,378,112.5415,58
Haiti,2011/12,July,349.1949,340,9.1949,0
Philippines,2011/12,July,179.6611,2175,0,0
Tanzania,2011/12,July,641.0391,58.95,582.0891,20
Zambia,2011/12,July,11.1889,0,11.1889,0
Benin,2011/12,October,0,0,0,0
Cameroon,2011/12,October,669.3245,70.017,599.3075,26.375
Central African Republic,2011/12,October,91.325,13.333,77.992,0
Colombia,2011/12,October,7652.1286,1438.709,6213.4196,162.577
"Congo, Dem. Rep. of",2011/12,October,356.5382,200,156.5382,5.044
Costa Rica,2011/12,October,1830.8955,380.888,1450.0075,59.223
Côte d'Ivoire,2011/12,October,2216.3419,317,1899.3419,381.376
El Salvador,2011/12,October,1163.7647,273.4,890.3647,71.6
Equatorial Guinea,2011/12,October,0,0,0,0
Ethiopia,2011/12,October,6798.4099,3383,3415.4099,417
Gabon,2011/12,October,782,1.032,0,683
Ghana,2011/12,October,93.7062,2,91.7062,5
Guatemala,2011/12,October,3850.3876,350,3500.3876,27
Guinea,2011/12,October,385.5106,50,335.5106,60
Guyana,2011/12,October,10.0809,8.6,1.4809,0
Honduras,2011/12,October,5882.1354,340,5542.1354,163.679
India,2011/12,October,5232.5414,1917,3315.5414,1250
Jamaica,2011/12,October,24.0073,9,15.0073,0
Kenya,2011/12,October,757.3153,50,707.3153,34
"Lao, People's Dem. Rep. of",2011/12,October,514.0001,150,364.0001,0
Liberia,2011/12,October,10.2354,5,5.2354,0
Mexico,2011/12,October,4561.0578,2354,2207.0578,255
Nepal,2011/12,October,2.0111,0,2.0111,0
Nicaragua,2011/12,October,2193.421,205.261,1988.16,20.583
Nigeria,2011/12,October,46.8796,40,6.8796,0
Panama,2011/12,October,105.6314,67,38.6314,20
Sierra Leone,2011/12,October,78.2979,5,73.2979,3
Sri Lanka,2011/12,October,35.6993,35,0.6993,0
Thailand,2011/12,October,831.2755,1100,0,8
Togo,2011/12,October,160.047,0.21,159.837,0.05
Trinidad & Tobago,2011/12,October,11.1577,10,1.1577,0
Uganda,2011/12,October,3115.063,210,2905.063,425.38
Venezuela,2011/12,October,902.0717,1650,0,0
Vietnam,2011/12,October,26499.6111,1650,24849.6111,3750
Yemen,2011/12,October,185.0677,130,55.0677,0
Angola,2012/13,April,32.79,30,2.79,10
Bolivia,2012/13,April,114.7812,60,54.7812,0
Brazil,2012/13,April,55420.225,20330,35090.225,10063
Burundi,2012/13,April,405.9615,2,403.9615,7
Ecuador,2012/13,April,828.1024,150,678.1024,2.3
Indonesia,2012/13,April,13070.0386,3900,9170.0386,450
Madagascar,2012/13,April,499.7094,430,69.7094,30
Malawi,2012/13,April,22.8262,1,21.8262,0
Papua New Guinea,2012/13,April,716.488,1.711,714.777,5
Paraguay,2012/13,April,20.0065,20,0.0065,0
Peru,2012/13,April,4450.0478,250,4200.0478,93
Rwanda,2012/13,April,258.5591,1,257.5591,13
Timor-Leste,2012/13,April,60.7483,0.49,60.2583,0
Zimbabwe,2012/13,April,7.3208,4,3.3208,0
"Congo, Rep. of",2012/13,July,3,3,0,0
Cuba,2012/13,July,88.142,220,0,0
Dominican Republic,2012/13,July,488.4307,378,110.4307,61
Haiti,2012/13,July,349.7319,340,9.7319,0
Philippines,2012/13,July,177.4616,2325,0,0
Tanzania,2012/13,July,1151.1215,71.7,1079.4215,34.65
Zambia,2012/13,July,5.3695,0,5.3695,0
Benin,2012/13,October,0,0,0,0
Cameroon,2012/13,October,371.0197,71.733,299.2867,47.076
Central African Republic,2012/13,October,22.89,16.667,6.223,0.3
Colombia,2012/13,October,9926.7855,1441.209,8485.5765,114.027
"Congo, Dem. Rep. of",2012/13,October,334.0453,200,134.0453,4
Costa Rica,2012/13,October,1822.6906,423.097,1399.5936,125.222
Côte d'Ivoire,2012/13,October,1993.8367,317,1676.8367,637.129
El Salvador,2012/13,October,1239.5852,276.6,962.9852,80
Equatorial Guinea,2012/13,October,0,0,0,0
Ethiopia,2012/13,October,6233.0066,3400,2833.0066,1000
Gabon,2012/13,October,751,967,0,433
Ghana,2012/13,October,82.0067,2,80.0067,3
Guatemala,2012/13,October,3762.9331,360,3402.9331,16
Guinea,2012/13,October,233.5545,50,183.5545,15
Guyana,2012/13,October,9.9779,8.7,1.2779,0
Honduras,2012/13,October,4685.9958,345,4340.9958,231.942
India,2012/13,October,5303.4408,2000,3303.4408,1300
Jamaica,2012/13,October,23.7159,9,14.7159,0
Kenya,2012/13,October,875.4455,50,825.4455,14
"Lao, People's Dem. Rep. of",2012/13,October,541.4914,150,391.4914,0
Liberia,2012/13,October,10.1213,5,5.1213,0
Mexico,2012/13,October,4326.9422,2354,1972.9422,400
Nepal,2012/13,October,1.2073,0,1.2073,0
Nicaragua,2012/13,October,1873.4749,207.864,1665.6109,348.203
Nigeria,2012/13,October,40.7637,40,0.7637,0
Panama,2012/13,October,115.5198,67,48.5198,10
Sierra Leone,2012/13,October,61.1833,5,56.1833,2
Sri Lanka,2012/13,October,35.2484,35,0.2484,0
Thailand,2012/13,October,608.0946,1130,0,10
Togo,2012/13,October,84.0589,242,83.8169,8.633
Trinidad & Tobago,2012/13,October,12.2272,10,2.2272,0
Uganda,2012/13,October,3913.502,216,3697.502,603.494
Venezuela,2012/13,October,952.4201,1650,0,0
Vietnam,2012/13,October,23402.1057,1825,21577.1057,2750
Yemen,2012/13,October,187.5251,130,57.5251,0
Angola,2013/14,April,34.935,30,4.935,5
Bolivia,2013/14,April,127.9122,60,67.9122,0
Brazil,2013/14,April,54698.0833,20085,34613.0833,15868
Burundi,2013/14,April,163.2177,2,161.2177,5
Ecuador,2013/14,April,665.545,155,510.545,2
Indonesia,2013/14,April,12817.9493,4167,8650.9493,650
Madagascar,2013/14,April,584.4758,410,174.4758,10
Malawi,2013/14,April,27.7944,1,26.7944,0
Papua New Guinea,2013/14,April,835.3594,2.039,833.3204,5
Paraguay,2013/14,April,20.0069,20,0.0069,0
Peru,2013/14,April,4106.2383,250,3856.2383,82
Rwanda,2013/14,April,257.7282,1,256.7282,10
Timor-Leste,2013/14,April,80.2182,0.49,79.7282,0
Zimbabwe,2013/14,April,8.6415,4,4.6415,0
"Congo, Rep. of",2013/14,July,3,3,0,0
Cuba,2013/14,July,106.685,220,0,0
Dominican Republic,2013/14,July,425.3936,383.333,42.0606,58
Haiti,2013/14,July,345.2098,340,5.2098,0
Philippines,2013/14,July,185.682,2550,0,0
Tanzania,2013/14,July,810.9352,73.467,737.4682,51.65
Zambia,2013/14,July,10.7527,0,10.7527,0
Benin,2013/14,October,0,0,0,0
Cameroon,2013/14,October,403.8311,73.483,330.3481,22.043
Central African Republic,2013/14,October,90.104,20,70.104,5.523
Colombia,2013/14,October,12163.1252,1468.973,10694.1522,231.621
"Congo, Dem. Rep. of",2013/14,October,347.087,200,147.087,4
Costa Rica,2013/14,October,1552.0761,335.06,1217.0161,144.72
Côte d'Ivoire,2013/14,October,2597.7673,317,2280.7673,575.18
El Salvador,2013/14,October,514.9996,275,239.9996,72.5
Equatorial Guinea,2013/14,October,0,0,0,0
Ethiopia,2013/14,October,6427.4439,3550,2877.4439,667
Gabon,2013/14,October,383,583,0,217
Ghana,2013/14,October,44.7367,2,42.7367,2
Guatemala,2013/14,October,3189.3714,370,2819.3714,12
Guinea,2013/14,October,101.1902,50,51.1902,10
Guyana,2013/14,October,1.6819,8.8,0,0
Honduras,2013/14,October,4583.0246,350,4233.0246,232.574
India,2013/14,October,5075.3312,2100,2975.3312,1320
Jamaica,2013/14,October,19.8292,9,10.8292,0
Kenya,2013/14,October,837.9501,50,787.9501,20
"Lao, People's Dem. Rep. of",2013/14,October,538.0728,150,388.0728,0
Liberia,2013/14,October,5.939,5,939,0
Mexico,2013/14,October,3916.4766,2321,1595.4766,400
Nepal,2013/14,October,0.9054,0,0.9054,0
Nicaragua,2013/14,October,2059.8628,209.561,1850.3018,76.622
Nigeria,2013/14,October,40.8582,40,0.8582,0
Panama,2013/14,October,113.4685,67,46.4685,10
Sierra Leone,2013/14,October,31.7346,5,26.7346,2
Sri Lanka,2013/14,October,37.0825,35,2.0825,0
Thailand,2013/14,October,638.0038,1200,0,5
Togo,2013/14,October,171.5059,238,171.2679,9.567
Trinidad & Tobago,2013/14,October,12.2242,10,2.2242,0
Uganda,2013/14,October,3632.867,220.8,3412.067,717.737
Venezuela,2013/14,October,803.7688,1650,0,0
Vietnam,2013/14,October,27609.7814,2000,25609.7814,3200
Yemen,2013/14,October,187.2981,130,57.2981,0
Angola,2014/15,April,39.405,30,9.405,5
Bolivia,2014/15,April,106.3766,60,46.3766,0
Brazil,2014/15,April,52298.9787,20333,31965.9787,17720
Burundi,2014/15,April,247.55,2,245.55,7
Ecuador,2014/15,April,644.0112,155,489.0112,3
Indonesia,2014/15,April,10862.2773,4333,6529.2773,600
Madagascar,2014/15,April,501.4544,390,111.4544,10
Malawi,2014/15,April,24.7098,1,23.7098,0
Papua New Guinea,2014/15,April,797.5642,1.924,795.6402,5
Paraguay,2014/15,April,20.0725,20,0.0725,0
Peru,2014/15,April,2883.229,250,2633.229,60
Rwanda,2014/15,April,238.3438,1,237.3438,10
Timor-Leste,2014/15,April,110.9242,0.49,110.4342,0
Zimbabwe,2014/15,April,15.0124,4,11.0124,0
"Congo, Rep. of",2014/15,July,3,3,0,0
Cuba,2014/15,July,101.421,220,0,0
Dominican Republic,2014/15,July,396.9541,388,8.9541,45
Haiti,2014/15,July,343.2067,340,3.2067,0
Philippines,2014/15,July,193.2142,2800,0,0
Tanzania,2014/15,July,752.6685,76.717,675.9515,38.95
Zambia,2014/15,July,2.6111,0,2.6111,0
Benin,2014/15,October,0,0,0,0
Cameroon,2014/15,October,483.1051,75.317,407.7881,20
Central African Republic,2014/15,October,62.614,20,42.614,0.6
Colombia,2014/15,October,13339.4695,1504.744,11834.7255,214.051
"Congo, Dem. Rep. of",2014/15,October,334.871,200,134.871,3
Costa Rica,2014/15,October,1475.0612,380.742,1094.3192,125.173
Côte d'Ivoire,2014/15,October,1728.0433,317,1411.0433,1153.453
El Salvador,2014/15,October,664.9995,280,384.9995,18.5
Equatorial Guinea,2014/15,October,0,0,0,0
Ethiopia,2014/15,October,6575.2618,3625,2950.2618,500
Gabon,2014/15,October,517,517,0,17
Ghana,2014/15,October,18.6847,2,16.6847,2
Guatemala,2014/15,October,3310.0759,380,2930.0759,10
Guinea,2014/15,October,165.1077,50,115.1077,10
Guyana,2014/15,October,8.5834,8.9,0,0
Honduras,2014/15,October,5268.2161,355,4913.2161,293.075
India,2014/15,October,5449.867,2200,3249.867,1100
Jamaica,2014/15,October,21.0512,9,12.0512,0
Kenya,2014/15,October,764.7629,50,714.7629,25
"Lao, People's Dem. Rep. of",2014/15,October,498.5298,150,348.5298,0
Liberia,2014/15,October,7.0733,5,2.0733,0
Mexico,2014/15,October,3591.2,2347,1244.2,800
Nepal,2014/15,October,2.1378,0,2.1378,0
Nicaragua,2014/15,October,1897.6828,211.742,1685.9408,150.312
Nigeria,2014/15,October,42.7982,40,2.7982,0
Panama,2014/15,October,106.2169,67,39.2169,8
Sierra Leone,2014/15,October,46.4478,5,41.4478,2
Sri Lanka,2014/15,October,35.7018,35,0.7018,0
Thailand,2014/15,October,844.8871,1250,0,16.667
Togo,2014/15,October,143.2417,195,143.0467,46.683
Trinidad & Tobago,2014/15,October,12.0013,10,2.0013,0
Uganda,2014/15,October,3744.477,229.2,3515.277,629.975
Venezuela,2014/15,October,650.3983,1650,0,0
Vietnam,2014/15,October,26499.8404,2200,24299.8404,3500
Yemen,2014/15,October,183.3814,130,53.3814,0
Angola,2015/16,April,40.515,30,10.515,5
Bolivia,2015/16,April,89.2191,60,29.2191,0
Brazil,2015/16,April,52425.6396,20508,31917.6396,12810
Burundi,2015/16,April,274.1017,2,272.1017,7
Ecuador,2015/16,April,644.4926,155,489.4926,3
Indonesia,2015/16,April,12535.4751,4500,8035.4751,450
Madagascar,2015/16,April,425.2061,370,55.2061,10
Malawi,2015/16,April,21.2015,1,20.2015,0
Papua New Guinea,2015/16,April,711.9818,1.8,710.1818,5
Paraguay,2015/16,April,20,20,0,0
Peru,2015/16,April,3303.5542,250,3053.5542,50
Rwanda,2015/16,April,292.6292,1,291.6292,10
Timor-Leste,2015/16,April,59.1588,0.49,58.6688,0
Zimbabwe,2015/16,April,14.2836,4,10.2836,0
"Congo, Rep. of",2015/16,July,3,3,0,0
Cuba,2015/16,July,99.8181,220,0,0
Dominican Republic,2015/16,July,399.9543,388,11.9543,35
Haiti,2015/16,July,340.8647,340,0.8647,0
Philippines,2015/16,July,208.0726,3000,0,0
Tanzania,2015/16,July,930.172,92.05,838.122,37.183
Zambia,2015/16,July,3.689,0,3.689,0
Benin,2015/16,October,0,0,0,0
Cameroon,2015/16,October,390.8379,76,314.8379,30
Central African Republic,2015/16,October,100.068,20,80.068,0
Colombia,2015/16,October,14009.1524,1671.791,12337.3614,299.465
"Congo, Dem. Rep. of",2015/16,October,370.6123,200,170.6123,3
Costa Rica,2015/16,October,1440.1724,448.821,991.3514,74.88
Côte d'Ivoire,2015/16,October,1289.0845,317,972.0845,1236.776
El Salvador,2015/16,October,565,285,280,10.7
Equatorial Guinea,2015/16,October,0,0,0,0
Ethiopia,2015/16,October,6713.9754,3700,3013.9754,578
Gabon,2015/16,October,741,0.5,241,17
Ghana,2015/16,October,9.3777,2,7.3777,2
Guatemala,2015/16,October,3409.781,390,3019.781,15
Guinea,2015/16,October,286.4455,50,236.4455,10
Guyana,2015/16,October,10.9693,9,1.9693,0
Honduras,2015/16,October,5785.776,365,5420.776,186.219
India,2015/16,October,5800.3381,2250,3550.3381,1350
Jamaica,2015/16,October,20.0121,9,11.0121,0
Kenya,2015/16,October,789.1671,50,739.1671,20
"Lao, People's Dem. Rep. of",2015/16,October,515.6519,150,365.6519,0
Liberia,2015/16,October,10.0467,5,5.0467,0
Mexico,2015/16,October,2903.395,2329,574.395,800
Nepal,2015/16,October,1.6763,0,1.6763,0
Nicaragua,2015/16,October,2133.4314,213.946,1919.4854,63.912
Nigeria,2015/16,October,41.2782,40,1.2782,0
Panama,2015/16,October,127.0784,67,60.0784,4
Sierra Leone,2015/16,October,45.9276,5,40.9276,2
Sri Lanka,2015/16,October,36.1933,35,1.1933,0
Thailand,2015/16,October,761.9808,1300,0,8
Togo,2015/16,October,80.9232,0.22,80.7032,6.35
Trinidad & Tobago,2015/16,October,11.7897,10,1.7897,0
Uganda,2015/16,October,3649.567,234,3415.567,690
Venezuela,2015/16,October,500.1259,1650,0,0
Vietnam,2015/16,October,28736.5941,2300,26436.5941,5000
Yemen,2015/16,October,171.246,130,41.246,0
Angola,2016/17,April,44.83,30,14.83,5
Bolivia,2016/17,April,80.9835,60,20.9835,0
Brazil,2016/17,April,56763.7634,21225,35538.7634,7800
Burundi,2016/17,April,248.7933,2,246.7933,5
Ecuador,2016/17,April,644.8845,155,489.8845,3
Indonesia,2016/17,April,11491.0266,4600,6891.0266,500
Madagascar,2016/17,April,420.8227,360,60.8227,10
Malawi,2016/17,April,19.516,1,18.516,0
Papua New Guinea,2016/17,April,1171.1449,2,1169.1449,5
Paraguay,2016/17,April,20.0101,20,0.0101,0
Peru,2016/17,April,4222.8784,250,3972.8784,40
Rwanda,2016/17,April,231.0905,1,230.0905,10
Timor-Leste,2016/17,April,82.0206,0.49,81.5306,0
Zimbabwe,2016/17,April,15.1183,4,11.1183,0
"Congo, Rep. of",2016/17,July,3,3,0,0
Cuba,2016/17,July,102.6,220,0,0
Dominican Republic,2016/17,July,412.2085,390,22.2085,27
Haiti,2016/17,July,341.5781,340,1.5781,0
Philippines,2016/17,July,214.6417,3000,0,0
Tanzania,2016/17,July,846.0919,91.3,754.7919,46.833
Zambia,2016/17,July,13.3181,0,13.3181,0
Benin,2016/17,October,0,0,0,0
Cameroon,2016/17,October,291.8761,77,214.8761,35
Central African Republic,2016/17,October,36.5467,20,16.5467,0
Colombia,2016/17,October,14634.0003,1736.4414,12897.5589,376.678
"Congo, Dem. Rep. of",2016/17,October,323.927,200,123.927,3
Costa Rica,2016/17,October,1371.8963,329.457,1042.4393,71.491
Côte d'Ivoire,2016/17,October,817.4045,317,500.4045,665.462
El Salvador,2016/17,October,609.9996,292,317.9996,10.1
Equatorial Guinea,2016/17,October,0,0,0,0
Ethiopia,2016/17,October,7296.9796,3725,3571.9796,500
Gabon,2016/17,October,0.5,0.5,0,258
Ghana,2016/17,October,7.8839,2,5.8839,2
Guatemala,2016/17,October,3684.209,390,3294.209,15
Guinea,2016/17,October,269.9426,50,219.9426,10
Guyana,2016/17,October,10.0482,9,1.0482,0
Honduras,2016/17,October,7456.8976,370,7086.8976,466.99
India,2016/17,October,5199.9436,2300,2899.9436,1400
Jamaica,2016/17,October,18.0447,9,9.0447,0
Kenya,2016/17,October,782.7675,50,732.7675,20
"Lao, People's Dem. Rep. of",2016/17,October,464.5497,150,314.5497,0
Liberia,2016/17,October,12.0867,5,7.0867,0
Mexico,2016/17,October,3780.715,2360,1420.715,630
Nepal,2016/17,October,1.4328,0,1.4328,0
Nicaragua,2016/17,October,2574.74,216.728,2358.012,106.988
Nigeria,2016/17,October,43.3182,40,3.3182,0
Panama,2016/17,October,120.1902,67,53.1902,4
Sierra Leone,2016/17,October,37.9217,5,32.9217,2
Sri Lanka,2016/17,October,36.7161,35,1.7161,0
Thailand,2016/17,October,537.5435,1300,0,8
Togo,2016/17,October,21.9932,254,21.7392,13.767
Trinidad & Tobago,2016/17,October,11.7911,10,1.7911,0
Uganda,2016/17,October,4962.158,240,4722.158,790
Venezuela,2016/17,October,525,1650,0,0
Vietnam,2016/17,October,25540.2932,2400,23140.2932,5000
Yemen,2016/17,October,173.4533,130,43.4533,0
Angola,2017/18,April,35.006,30,5.006,5
Bolivia,2017/18,April,85.3112,60,25.3112,0
Brazil,2017/18,April,51000.1728,21997,29003.1728,9872
Burundi,2017/18,April,175.8033,2,173.8033,5
Ecuador,2017/18,April,623.5744,155,468.5744,3
Indonesia,2017/18,April,10902.3153,4700,6202.3153,500
Madagascar,2017/18,April,406.6854,350,56.6854,10
Malawi,2017/18,April,11.7396,1,10.7396,0
Papua New Guinea,2017/18,April,733.9382,2,731.9382,5
Paraguay,2017/18,April,20.0024,20,0.0024,0
Peru,2017/18,April,4279.6122,250,4029.6122,40
Rwanda,2017/18,April,244.5804,1,243.5804,10
Timor-Leste,2017/18,April,73.2951,0.49,72.8051,0
Zimbabwe,2017/18,April,6.3854,4,2.3854,0
"Congo, Rep. of",2017/18,July,3,3,0,0
Cuba,2017/18,July,100,220,0,0
Dominican Republic,2017/18,July,400,390,10,25
Haiti,2017/18,July,340,340,0,0
Philippines,2017/18,July,200,3000,0,0
Tanzania,2017/18,July,750,91.667,658.333,25
Zambia,2017/18,July,12,0,12,0
Benin,2017/18,October,0,0,0,0
Cameroon,2017/18,October,375,78,297,30
Central African Republic,2017/18,October,50,20,30,0
Colombia,2017/18,October,14000,1800,12200,298.369
"Congo, Dem. Rep. of",2017/18,October,335,200,135,3
Costa Rica,2017/18,October,1560.439,353.334,1207.105,107.343
Côte d'Ivoire,2017/18,October,1300,317,983,200
El Salvador,2017/18,October,740,300,440,22.2
Equatorial Guinea,2017/18,October,0,0,0,0
Ethiopia,2017/18,October,7650,3750,3900,575
Gabon,2017/18,October,0.5,0.5,0,258
Ghana,2017/18,October,16,2,14,2
Guatemala,2017/18,October,3800,395,3405,15
Guinea,2017/18,October,215,50,165,10
Guyana,2017/18,October,10,9,1,0
Honduras,2017/18,October,8349,375,7974,263.667
India,2017/18,October,5840,2350,3490,1100
Jamaica,2017/18,October,17,9,8,0
Kenya,2017/18,October,790,50,740,30
"Lao, People's Dem. Rep. of",2017/18,October,475,150,325,0
Liberia,2017/18,October,12,5,7,0
Mexico,2017/18,October,4000,2400,1600,550
Nepal,2017/18,October,2,0,2,0
Nicaragua,2017/18,October,2500,218,2282,125
Nigeria,2017/18,October,42,40,2,0
Panama,2017/18,October,106,67,39,3
Sierra Leone,2017/18,October,43,5,38,2
Sri Lanka,2017/18,October,37,35,2,0
Thailand,2017/18,October,500,1300,0,8
Togo,2017/18,October,55,254,54.746,5
Trinidad & Tobago,2017/18,October,12,10,2,0
Uganda,2017/18,October,5100,244.8,4855.2,907
Venezuela,2017/18,October,550,1650,0,0
Vietnam,2017/18,October,29500,2500,27000,4600
Yemen,2017/18,October,175,130,45,0